docid,halId_s,version_i,docType_s,citationFull_s,citationRef_s
5188715,hal-05188715,1,COMM,"Max Chevalier, Alexandra Ciaccia. Modélisation utilisateurs et systèmes d'information sur le Web : pour une approche centrée usager. <i>Conférence ""Hypertextes et hypermédias. Produits, Outils et Méthodes Rétrospective et Perspective 1989 - 2009"" (H2PTM'09)</i>, Laboratoire Paragraphe à l’Université Paris 8, Sep 2009, Paris, France. pp.61-73. <a target=""_blank"" href=""https://hal.science/hal-05188715v1"">&#x27E8;hal-05188715&#x27E9;</a>","<i>Conférence ""Hypertextes et hypermédias. Produits, Outils et Méthodes Rétrospective et Perspective 1989 - 2009"" (H2PTM'09)</i>, Laboratoire Paragraphe à l’Université Paris 8, Sep 2009, Paris, France. pp.61-73"
4253914,hal-04253914,1,COMM,"Yannis Delmas-Rigoutsos. Stock et flux des idées sur le web social - Proposition de modélisation de la circulation des représentations à l'époque du numérique ambiant. <i>H2PTM'23 : La fabrique du sens à l’ère des l’information numérique : enjeux et défis</i>, Oct 2023, Valenciennes, France. pp.259-272. <a target=""_blank"" href=""https://hal.science/hal-04253914v1"">&#x27E8;hal-04253914&#x27E9;</a>","<i>H2PTM'23 : La fabrique du sens à l’ère des l’information numérique : enjeux et défis</i>, Oct 2023, Valenciennes, France. pp.259-272"
5251697,hal-05251697,1,PROCEEDINGS,"Imad Saleh, Nasreddine Bouhai, Sylvie Leleu-Merviel, Ioan Roxin, Manuel Zacklad, et al.. H2PTM’21 : Information : enjeux et nouveaux défis. <i>H2PTM'21 : Information : enjeux et nouveaux défis</i>, Oct 2021, Aubervilliers, France. ISTE Editions, pp.280, 2021, 9781784058227. <a target=""_blank"" href=""https://hal.science/hal-05251697v1"">&#x27E8;hal-05251697&#x27E9;</a>","<i>H2PTM'21 : Information : enjeux et nouveaux défis</i>, Oct 2021, Aubervilliers, France. ISTE Editions, pp.280, 2021, 9781784058227"
5217026,hal-02299777,1,COMM,"Renée Bourassa, Larrue Jean-Marc, Samuel Szoniecky, Gabrielle Gg Godin. Espace liminaire de l’authenticité : Une démarche d’humanités numériques. <i>H2PTM'19 : De l’hypertexte aux humanités numériques</i>, Oct 2019, Montbéliard, France. pp.126-144. <a target=""_blank"" href=""https://univ-paris8.hal.science/hal-02299777v1"">&#x27E8;hal-02299777&#x27E9;</a>","<i>H2PTM'19 : De l’hypertexte aux humanités numériques</i>, Oct 2019, Montbéliard, France. pp.126-144"
3399071,hal-03399071,1,COMM,"Marilou Kordahi. Signage using semiotics in visual communication for data protection and privacy on the Web. <i>H2PTM'21 : Information : enjeux et nouveaux défis</i>, Oct 2021, Aubervilliers, France. pp.70-78. <a target=""_blank"" href=""https://hal.science/hal-03399071v1"">&#x27E8;hal-03399071&#x27E9;</a>","<i>H2PTM'21 : Information : enjeux et nouveaux défis</i>, Oct 2021, Aubervilliers, France. pp.70-78"
1037893,hal-01037893,1,COMM,"Mohamed Haouach, Gilles Venturini, Christiane Guinot. Exploration en réalité virtuelle d'un hypermédia 3D construit à partir d'images stéréoscopiques médicales. <i>H2PTM'09 : Rétrospective et perspective : 1989 - 2009</i>, Sep 2009, Paris, France. pp.239-249. <a target=""_blank"" href=""https://hal.science/hal-01037893v1"">&#x27E8;hal-01037893&#x27E9;</a>","<i>H2PTM'09 : Rétrospective et perspective : 1989 - 2009</i>, Sep 2009, Paris, France. pp.239-249"
5194860,hal-03461128,1,COMM,"Philippe Gestin, Joël Langonné, Olivier Trédan. Les petits pas de côté des entreprises de la presse régionale. <i>H2PTM'21 : Information : enjeux et nouveaux défis</i>, Oct 2021, Aubervilliers, France. pp.169-186. <a target=""_blank"" href=""https://hal.science/hal-03461128v1"">&#x27E8;hal-03461128&#x27E9;</a>","<i>H2PTM'21 : Information : enjeux et nouveaux défis</i>, Oct 2021, Aubervilliers, France. pp.169-186"
1314730,halshs-01314730,1,COMM,"Mohamed Lat Sack Diop, Mohamed Sidir. L'intégration des TIC dans l'enseignement supérieur au Sénégal :  émergence de l'hypermédiatisation. <i>H2PTM'15 : Le numérique à l'ère de l'Internet des objets, de l’hypertexte à l’hyper-objet</i>, Oct 2015, Paris, France. pp.373-390. <a target=""_blank"" href=""https://shs.hal.science/halshs-01314730v1"">&#x27E8;halshs-01314730&#x27E9;</a>","<i>H2PTM'15 : Le numérique à l'ère de l'Internet des objets, de l’hypertexte à l’hyper-objet</i>, Oct 2015, Paris, France. pp.373-390"
5188661,hal-00918031,1,COMM,"Pergia Gkouskou-Giannakou. L'objet site web entre matérialité et discours. La question de la production du sens entre concepteurs, utilisateurs et support. <i>H2PTM'09 : Rétrospective et perspective : 1989 - 2009</i>, Sep 2009, Paris, France. pp.351-356. <a target=""_blank"" href=""https://hal.science/hal-00918031v1"">&#x27E8;hal-00918031&#x27E9;</a>","<i>H2PTM'09 : Rétrospective et perspective : 1989 - 2009</i>, Sep 2009, Paris, France. pp.351-356"
5217046,hal-05217046,1,COMM,"Serge Bouchardon, Hélène Caubel, Pierre Fourny. Poésie à 2 mi-mots et écrans mobiles interactifs : une scène à portée de main. <i>H2PTM'15 : Le numérique à l'ère de l'Internet des objets, de l’hypertexte à l’hyper-objet</i>, Oct 2015, Paris, France. pp.245-257. <a target=""_blank"" href=""https://hal.science/hal-05217046v1"">&#x27E8;hal-05217046&#x27E9;</a>","<i>H2PTM'15 : Le numérique à l'ère de l'Internet des objets, de l’hypertexte à l’hyper-objet</i>, Oct 2015, Paris, France. pp.245-257"
2324134,hal-02324134,1,COMM,"Sophie Barel, Florian Hémont, Florence Thiault. Outil hypergraphe d'exploration multimédia et pratiques de recherche-production. <i>H2PTM'19 : De l’hypertexte aux humanités numériques</i>, Oct 2019, Montbéliard, France. pp.03-21. <a target=""_blank"" href=""https://hal.science/hal-02324134v1"">&#x27E8;hal-02324134&#x27E9;</a>","<i>H2PTM'19 : De l’hypertexte aux humanités numériques</i>, Oct 2019, Montbéliard, France. pp.03-21"
5195997,hal-05195997,1,COMM,"Aymée Nakasato. Gestion et médiation des savoirs au service de l'innovation en contexte de crise. <i>H2PTM'23 : La fabrique du sens à l’ère de l’information numérique : enjeux et défis</i>, Oct 2023, Valenciennes, France. pp.341-344. <a target=""_blank"" href=""https://hal.science/hal-05195997v1"">&#x27E8;hal-05195997&#x27E9;</a>","<i>H2PTM'23 : La fabrique du sens à l’ère de l’information numérique : enjeux et défis</i>, Oct 2023, Valenciennes, France. pp.341-344"
3351937,hal-01586509,2,COMM,"Daniel Schmitt, Virginie Blondeau, Muriel Meyer-Chemenska, Olivier Aubert, Hachimi Abba. REMIND Group : objectiver son expérience pour concevoir des projets. <i>H2PTM'17 : Le numérique à l’ère des designs, de l’hypertexte à l’hyper-expérience</i>, Oct 2017, Valenciennes, France. pp.360-375. <a target=""_blank"" href=""https://hal.science/hal-01586509v2"">&#x27E8;hal-01586509v2&#x27E9;</a>","<i>H2PTM'17 : Le numérique à l’ère des designs, de l’hypertexte à l’hyper-expérience</i>, Oct 2017, Valenciennes, France. pp.360-375"
5194811,hal-05194811,1,COMM,"Yves Mineur, Michel Martin, Hafida Boulekbache-Mazouz. Intentionnalité et processus d'écriture : parallèles possibles entre architecture et mécanique ?. <i>H2PTM'09 : Rétrospective et perspective : 1989 - 2009</i>, Sep 2009, Paris, France. pp.193-203. <a target=""_blank"" href=""https://hal.science/hal-05194811v1"">&#x27E8;hal-05194811&#x27E9;</a>","<i>H2PTM'09 : Rétrospective et perspective : 1989 - 2009</i>, Sep 2009, Paris, France. pp.193-203"
5194656,hal-05194656,1,COMM,"Jean-Édouard Bigot. Enjeux épistémologiques et politiques d'une instrumentation numérique des SHS. <i>H2PTM'19 : De l’hypertexte aux humanités numériques</i>, Oct 2019, Montbéliard, France. pp.236-260. <a target=""_blank"" href=""https://hal.science/hal-05194656v1"">&#x27E8;hal-05194656&#x27E9;</a>","<i>H2PTM'19 : De l’hypertexte aux humanités numériques</i>, Oct 2019, Montbéliard, France. pp.236-260"
5193224,hal-02434296,1,COMM,"Antonin Segault, Federico Tajariol, Ioan Roxin. Twitter, robots et radiamètres : des objets connectés pour la diffusion de l’information après un accident radiologique. <i>H2PTM'15 : Le numérique à l'ère de l'Internet des objets, de l’hypertexte à l’hyper-objet</i>, Oct 2015, Paris, France. pp.100-112. <a target=""_blank"" href=""https://hal.science/hal-02434296v1"">&#x27E8;hal-02434296&#x27E9;</a>","<i>H2PTM'15 : Le numérique à l'ère de l'Internet des objets, de l’hypertexte à l’hyper-objet</i>, Oct 2015, Paris, France. pp.100-112"
5194631,hal-05194631,1,COMM,"Etienne Armand Amato, Kevin Beaufils, Etienne Perény. Vers une méthodologie de « recherchemédiation » avec les publics. Le cas d'une plateforme d'expérimentations immersives en résidence scientifique dans une zone d'exposition sur le « jeu vidéo ». <i>H2PTM'19 : De l’hypertexte aux humanités numériques</i>, Oct 2019, Montbéliard, France. pp.420-438. <a target=""_blank"" href=""https://hal.science/hal-05194631v1"">&#x27E8;hal-05194631&#x27E9;</a>","<i>H2PTM'19 : De l’hypertexte aux humanités numériques</i>, Oct 2019, Montbéliard, France. pp.420-438"
5193377,hal-05193377,1,COMM,"Fabiola Leone. Dispositifs, usages et appropriations dans la numérisation des artefacts graphiques : de l'institution patrimoniale vers de nouvelles formes de circulation créative dans les environnements numériques. <i>H2PTM'17 : Le numérique à l’ère des designs, de l’hypertexte à l’hyper-expérience</i>, Oct 2017, Valenciennes, France. pp.348-359. <a target=""_blank"" href=""https://hal.science/hal-05193377v1"">&#x27E8;hal-05193377&#x27E9;</a>","<i>H2PTM'17 : Le numérique à l’ère des designs, de l’hypertexte à l’hyper-expérience</i>, Oct 2017, Valenciennes, France. pp.348-359"
5194702,hal-05194702,1,COMM,"Sophie Pène, Benoît Bonte. Dessiner sa trajectoire : conception de portfolios, entre soft skills et big data. <i>H2PTM'19 : De l’hypertexte aux humanités numériques</i>, Oct 2019, Montbéliard, France. pp.261-274. <a target=""_blank"" href=""https://hal.science/hal-05194702v1"">&#x27E8;hal-05194702&#x27E9;</a>","<i>H2PTM'19 : De l’hypertexte aux humanités numériques</i>, Oct 2019, Montbéliard, France. pp.261-274"
5191498,hal-01214199,1,COMM,"Béatrice Drot-Delange. Représentations concernant le web chez des utilisateurs familiers : au-delà des écrans ?. <i>H2PTM'15 : Le numérique à l'ère de l'Internet des objets, de l’hypertexte à l’hyper-objet</i>, Oct 2015, Paris, France. pp.145-158. <a target=""_blank"" href=""https://hal.science/hal-01214199v1"">&#x27E8;hal-01214199&#x27E9;</a>","<i>H2PTM'15 : Le numérique à l'ère de l'Internet des objets, de l’hypertexte à l’hyper-objet</i>, Oct 2015, Paris, France. pp.145-158"
2480504,sic_02480504,1,COMM,"Olivier Le Deuff. Hyperdocumentation, hyperville et hyperloin. Jusqu'où peut-on étudier l'hypertexte ?. <i>H2PTM'19 : De l’hypertexte aux humanités numériques</i>, Oct 2019, Montbelliard, France. pp.47-62. <a target=""_blank"" href=""https://archivesic.ccsd.cnrs.fr/sic_02480504v1"">&#x27E8;sic_02480504&#x27E9;</a>","<i>H2PTM'19 : De l’hypertexte aux humanités numériques</i>, Oct 2019, Montbelliard, France. pp.47-62"
5194880,hal-05194880,1,COMM,"Xaviéra Calixte, Gaëlle Baudoux, Pierre Leclercq. L'interaction graphique collaborative d'invalidation. Analyse de l'écriture graphique au sein des revues de projets architecturaux. <i>H2PTM'21 : Information : enjeux et nouveaux défis</i>, Oct 2021, Aubervilliers, France. pp.189-200. <a target=""_blank"" href=""https://hal.science/hal-05194880v1"">&#x27E8;hal-05194880&#x27E9;</a>","<i>H2PTM'21 : Information : enjeux et nouveaux défis</i>, Oct 2021, Aubervilliers, France. pp.189-200"
5196028,hal-05196028,1,COMM,"Khaoula Stiti, Samia Ben Rajeb. Participatory Heritage Platforms for Raising Awareness of Endangered Heritage. Usability and acceptability study in the historical urban landscape of Tunis. <i>H2PTM'23 : La fabrique du sens à l’ère de l’information numérique : enjeux et défis</i>, Oct 2023, Valenciennes, France. pp.218-234. <a target=""_blank"" href=""https://hal.science/hal-05196028v1"">&#x27E8;hal-05196028&#x27E9;</a>","<i>H2PTM'23 : La fabrique du sens à l’ère de l’information numérique : enjeux et défis</i>, Oct 2023, Valenciennes, France. pp.218-234"
5194899,hal-05194899,1,COMM,"Antonio Xavier, Lucas Ferreira, Joice Armani Galli. L'évaluation des compétences et aptitudes sociotechnologiques et numériques au Brésil. <i>H2PTM'21 : Information : enjeux et nouveaux défis</i>, Oct 2021, Aubervilliers, France. pp.252-255. <a target=""_blank"" href=""https://hal.science/hal-05194899v1"">&#x27E8;hal-05194899&#x27E9;</a>","<i>H2PTM'21 : Information : enjeux et nouveaux défis</i>, Oct 2021, Aubervilliers, France. pp.252-255"
5196034,hal-05196034,1,COMM,"Johanna Camp. Espaces et lieux de transition : quelle place pour la proximité dans une transition hybride et responsable ?. <i>H2PTM'23 : La fabrique du sens à l’ère de l’information numérique : enjeux et défis</i>, Oct 2023, Valenciennes, France. pp.194-200. <a target=""_blank"" href=""https://hal.science/hal-05196034v1"">&#x27E8;hal-05196034&#x27E9;</a>","<i>H2PTM'23 : La fabrique du sens à l’ère de l’information numérique : enjeux et défis</i>, Oct 2023, Valenciennes, France. pp.194-200"
2337596,hal-02337596,1,COMM,"Clarisse Bardiot. Arts de la scène et Big Data. Retracer et analyser le processus de création d'un spectacle grâce à la visualisation de données. <i>H2PTM'15 : Le numérique à l'ère de l'Internet des objets, de l’hypertexte à l’hyper-objet</i>, Oct 2015, Paris, France. pp.231-242. <a target=""_blank"" href=""https://hal.science/hal-02337596v1"">&#x27E8;hal-02337596&#x27E9;</a>","<i>H2PTM'15 : Le numérique à l'ère de l'Internet des objets, de l’hypertexte à l’hyper-objet</i>, Oct 2015, Paris, France. pp.231-242"
5196080,hal-05196080,1,COMM,"Youssef Mekouar, Mohammed Karim. Analyse et visualisation des données du trafic routier. Une carte interactive pour comprendre l'évolution et la répartition du taux d'émission de CO2 dans la ville de Paris. <i>H2PTM'23 : La fabrique du sens à l’ère de l’information numérique : enjeux et défis</i>, Oct 2023, Valenciennes, France. pp.99-114. <a target=""_blank"" href=""https://hal.science/hal-05196080v1"">&#x27E8;hal-05196080&#x27E9;</a>","<i>H2PTM'23 : La fabrique du sens à l’ère de l’information numérique : enjeux et défis</i>, Oct 2023, Valenciennes, France. pp.99-114"
5217045,hal-05217044,1,COMM,"Jean-Pierre Fewou Ngouloure. Écriture électronico-numérique et enjeux cognitifs. <i>H2PTM'15 : Le numérique à l'ère de l'Internet des objets, de l’hypertexte à l’hyper-objet</i>, Oct 2015, Paris, France. pp.287-304. <a target=""_blank"" href=""https://hal.science/hal-05217044v1"">&#x27E8;hal-05217044&#x27E9;</a>","<i>H2PTM'15 : Le numérique à l'ère de l'Internet des objets, de l’hypertexte à l’hyper-objet</i>, Oct 2015, Paris, France. pp.287-304"
5190262,hal-00862741,1,COMM,"Béatrice Drot-Delange. Comprendre l'interrogation des moteurs de recherche : une expérimentation auprès d'étudiants en information et communication. <i>H2PTM'11 : Hypermédias et pratiques numériques</i>, Oct 2011, Metz, France. pp.17-27. <a target=""_blank"" href=""https://hal.science/hal-00862741v1"">&#x27E8;hal-00862741&#x27E9;</a>","<i>H2PTM'11 : Hypermédias et pratiques numériques</i>, Oct 2011, Metz, France. pp.17-27"
1451302,hal-01451302,1,COMM,"Justine Simon. Le discours hypertextualisé : une notion essentielle pour l’analyse du web. <i>H2PTM'15 : Le numérique à l'ère de l'Internet des objets, de l’hypertexte à l’hyper-objet</i>, Oct 2015, Paris, France. pp.3-20. <a target=""_blank"" href=""https://hal.science/hal-01451302v1"">&#x27E8;hal-01451302&#x27E9;</a>","<i>H2PTM'15 : Le numérique à l'ère de l'Internet des objets, de l’hypertexte à l’hyper-objet</i>, Oct 2015, Paris, France. pp.3-20"
5188705,hal-05188705,1,COMM,"Alain Durand. Ebauche d'une grammaire formelle du multimédia. Raccords spatio-temporels de vidéogrammes. <i>H2PTM'09 : Rétrospective et perspective : 1989 - 2009</i>, Sep 2009, Paris, France. pp.101-113. <a target=""_blank"" href=""https://hal.science/hal-05188705v1"">&#x27E8;hal-05188705&#x27E9;</a>","<i>H2PTM'09 : Rétrospective et perspective : 1989 - 2009</i>, Sep 2009, Paris, France. pp.101-113"
5193339,hal-01711440,1,COMM,"Marie-Julie Catoir-Brisson. Santé mobile pour le suivi de l’insomnie chronique : design de services et sciences de l’information et de la communication. <i>H2PTM'17 : Le numérique à l’ère des designs, de l’hypertexte à l’hyper-expérience</i>, Oct 2017, Valenciennes, France. pp.307-322. <a target=""_blank"" href=""https://hal.science/hal-01711440v1"">&#x27E8;hal-01711440&#x27E9;</a>","<i>H2PTM'17 : Le numérique à l’ère des designs, de l’hypertexte à l’hyper-expérience</i>, Oct 2017, Valenciennes, France. pp.307-322"
5191430,hal-05191430,1,COMM,"Florence Andreacola, Marie-Sylvie Poli, Éric Sanjuan. La participation informatique de l'usager d'un musée. <i>H2PTM'15 : Le numérique à l'ère de l'Internet des objets, de l’hypertexte à l’hyper-objet</i>, Oct 2015, Paris, France. pp.331-345. <a target=""_blank"" href=""https://hal.science/hal-05191430v1"">&#x27E8;hal-05191430&#x27E9;</a>","<i>H2PTM'15 : Le numérique à l'ère de l'Internet des objets, de l’hypertexte à l’hyper-objet</i>, Oct 2015, Paris, France. pp.331-345"
5189959,hal-05189959,1,COMM,"David Bertolo, Robin Vivian, Jérôme Dinet, Yann Lanuel. Les interfaces tactiles pour des situations collaboratives : vers de nouvelles grammaires de gestes permis par le multitouch. <i>H2PTM'11 : Hypermédias et pratiques numériques</i>, Oct 2011, Metz, France. pp.347-359. <a target=""_blank"" href=""https://hal.science/hal-05189959v1"">&#x27E8;hal-05189959&#x27E9;</a>","<i>H2PTM'11 : Hypermédias et pratiques numériques</i>, Oct 2011, Metz, France. pp.347-359"
4462724,hal-04462724,1,PROCEEDINGS,"Imad Saleh, Nasreddine Bouhai, Sylvie Leleu-Merviel, Ioan Roxin, Manuel Zacklad, et al.. La fabrique du sens à l’ère de l’information numérique : enjeux et défis. H2PTM’23. <i>H2PTM'23 : La fabrique du sens à l’ère de l’information numérique : enjeux et défis</i>, Oct 2023, Valenciennes, France. ISTE Éd., IX - 396 p., 2023, Systèmes d'information, web et société, 978-1-78405-983-5. <a target=""_blank"" href=""https://hal.science/hal-04462724v1"">&#x27E8;hal-04462724&#x27E9;</a>","<i>H2PTM'23 : La fabrique du sens à l’ère de l’information numérique : enjeux et défis</i>, Oct 2023, Valenciennes, France. ISTE Éd., IX - 396 p., 2023, Systèmes d'information, web et société, 978-1-78405-983-5"
464617,hal-00464617,1,COMM,"Alain Vaucelle. MPEG-21 : la norme des TICE du XXIème siècle ?. <i>H2PTM'09 : Rétrospective et Perspective 1989 - 2009</i>, Sep 2009, Saint-Denis, France. pp.115-121. <a target=""_blank"" href=""https://hal.science/hal-00464617v1"">&#x27E8;hal-00464617&#x27E9;</a>","<i>H2PTM'09 : Rétrospective et Perspective 1989 - 2009</i>, Sep 2009, Saint-Denis, France. pp.115-121"
5196004,hal-04404251,1,COMM,"Sophie Jehel, Pascal Martin. La (dé)construction du sens par la sociophotographie. Quand des photographes interrogent les pouvoirs des industries numériques par la recherche-création. <i>H2PTM'23 : La fabrique du sens à l’ère de l’information numérique : enjeux et défis</i>, Oct 2023, Valenciennes, France. pp.321-338. <a target=""_blank"" href=""https://hal.science/hal-04404251v1"">&#x27E8;hal-04404251&#x27E9;</a>","<i>H2PTM'23 : La fabrique du sens à l’ère de l’information numérique : enjeux et défis</i>, Oct 2023, Valenciennes, France. pp.321-338"
5251196,hal-01340900,2,COMM,"Florent Di Bartolo. Transparence et opacité des objets communicants. <i>H2PTM'15 : Le numérique à l'ère de l'Internet des objets, de l’hypertexte à l’hyper-objet</i>, Oct 2015, Paris, France. pp.75-87. <a target=""_blank"" href=""https://hal.science/hal-01340900v2"">&#x27E8;hal-01340900v2&#x27E9;</a>","<i>H2PTM'15 : Le numérique à l'ère de l'Internet des objets, de l’hypertexte à l’hyper-objet</i>, Oct 2015, Paris, France. pp.75-87"
5190260,sic_01831204,1,COMM,"Laurent Collet. Personnalisation de l’information sur le web et prégnances des habitudes. <i>H2PTM'11 : Hypermédias et pratiques numériques</i>, Université Paris 8; CNRS; Crem; Laboratoire Paragraphe, Oct 2011, Metz, France. pp.29-40. <a target=""_blank"" href=""https://archivesic.ccsd.cnrs.fr/sic_01831204v1"">&#x27E8;sic_01831204&#x27E9;</a>","<i>H2PTM'11 : Hypermédias et pratiques numériques</i>, Université Paris 8; CNRS; Crem; Laboratoire Paragraphe, Oct 2011, Metz, France. pp.29-40"
1575181,hal-01575181,1,COMM,"Fanny Georges, Nicolas Auray. Pratiques créatives issues du jeu vidéo Les séries de machinima. <i>H2PTM'11 : Hypermédias et pratiques numériques</i>, Oct 2011, Metz, France. pp.117-128. <a target=""_blank"" href=""https://hal.science/hal-01575181v1"">&#x27E8;hal-01575181&#x27E9;</a>","<i>H2PTM'11 : Hypermédias et pratiques numériques</i>, Oct 2011, Metz, France. pp.117-128"
3524650,hal-03524650,1,COMM,"Stéphane Crozat. Les tropismes du numérique. <i>H2PTM’15 : le numérique à l’ère d’Internet des objets, de l’hypertexte à l’hyper-objet</i>, Oct 2015, Paris, France. pp.313-328. <a target=""_blank"" href=""https://hal.science/hal-03524650v1"">&#x27E8;hal-03524650&#x27E9;</a>","<i>H2PTM’15 : le numérique à l’ère d’Internet des objets, de l’hypertexte à l’hyper-objet</i>, Oct 2015, Paris, France. pp.313-328"
1219142,hal-01219142,1,COMM,"Mohamed Djouani. Navigation et sélection de l'information : retour d'expériences. <i>H2PTM'15 : Le numérique à l'ère de l'Internet des objets, de l’hypertexte à l’hyper-objet</i>, Les laboratoires Paragraphe, AIAC, CREM, DeVISU, DICEN IDF, ELLIADD, GRIPIC, MICA, Oct 2015, Paris, France. pp.57-72. <a target=""_blank"" href=""https://hal.science/hal-01219142v1"">&#x27E8;hal-01219142&#x27E9;</a>","<i>H2PTM'15 : Le numérique à l'ère de l'Internet des objets, de l’hypertexte à l’hyper-objet</i>, Les laboratoires Paragraphe, AIAC, CREM, DeVISU, DICEN IDF, ELLIADD, GRIPIC, MICA, Oct 2015, Paris, France. pp.57-72"
2480493,sic_02480493,1,COMM,"Olivier Le Deuff, Jean David, Clément Borel, Arthur Perret. Paul Otlet sur le web : une étude cartographique. <i>H2PTM'19 : De l’hypertexte aux humanités numériques</i>, Oct 2019, Montbelliard, France. pp.162-176. <a target=""_blank"" href=""https://archivesic.ccsd.cnrs.fr/sic_02480493v1"">&#x27E8;sic_02480493&#x27E9;</a>","<i>H2PTM'19 : De l’hypertexte aux humanités numériques</i>, Oct 2019, Montbelliard, France. pp.162-176"
4965440,hal-02941895,1,COMM,"Jean-Pierre Cahier, Patrick Brébion, Nada Matta. Co-construction de scénarios de crise par des outils de conception multi-points de vue. <i>H2PTM'17 : Le numérique à l’ère des designs, de l’hypertexte à l’hyper-expérience</i>, Oct 2017, Valenciennes, France. pp.74-90. <a target=""_blank"" href=""https://utt.hal.science/hal-02941895v1"">&#x27E8;hal-02941895&#x27E9;</a>","<i>H2PTM'17 : Le numérique à l’ère des designs, de l’hypertexte à l’hyper-expérience</i>, Oct 2017, Valenciennes, France. pp.74-90"
5196061,hal-04402323,1,COMM,"Eric Lacombe. Esquisse d'une théorie du sens à l'ère numérique : cas d'application aux actes des conférences H2PTM. <i>H2PTM'23 : La fabrique du sens à l’ère de l’information numérique : enjeux et défis</i>, Oct 2023, Valenciennes, France. pp.132-147. <a target=""_blank"" href=""https://hal.science/hal-04402323v1"">&#x27E8;hal-04402323&#x27E9;</a>","<i>H2PTM'23 : La fabrique du sens à l’ère de l’information numérique : enjeux et défis</i>, Oct 2023, Valenciennes, France. pp.132-147"
5190167,hal-05190167,1,COMM,"Nathalie Pignard-Cheynel -, Florence Reynier. Analyse des architectures des pages d'accueil de sites d'information français : le lourd héritage du modèle de la presse écrite. <i>H2PTM'11 : Hypermédias et pratiques numériques</i>, Oct 2011, Metz, France. pp.165-179. <a target=""_blank"" href=""https://hal.science/hal-05190167v1"">&#x27E8;hal-05190167&#x27E9;</a>","<i>H2PTM'11 : Hypermédias et pratiques numériques</i>, Oct 2011, Metz, France. pp.165-179"
5196098,hal-04397463,1,COMM,"Asma Djebbi. Désinformation et ""pure players"" : le cas des pages Instagram de Meem magazine. <i>H2PTM'23 : La fabrique du sens à l’ère de l’information numérique : enjeux et défis</i>, Oct 2023, Valenciennes, France. pp.52-65. <a target=""_blank"" href=""https://hal.science/hal-04397463v1"">&#x27E8;hal-04397463&#x27E9;</a>","<i>H2PTM'23 : La fabrique du sens à l’ère de l’information numérique : enjeux et défis</i>, Oct 2023, Valenciennes, France. pp.52-65"
5191402,hal-05191402,1,COMM,"Maria Aparecida Moura. Between dense hypertexts and hyperconsumerism. Information, personalization and mobile consumption. <i>H2PTM'15 : Le numérique à l'ère de l'Internet des objets, de l’hypertexte à l’hyper-objet</i>, Oct 2015, Paris, France. pp.36-49. <a target=""_blank"" href=""https://hal.science/hal-05191402v1"">&#x27E8;hal-05191402&#x27E9;</a>","<i>H2PTM'15 : Le numérique à l'ère de l'Internet des objets, de l’hypertexte à l’hyper-objet</i>, Oct 2015, Paris, France. pp.36-49"
5188707,hal-05188707,1,COMM,"Baptiste Campion. Effet d'un récit non-linéaire sur la construction d'un modèle mental de situation. <i>H2PTM'09 : Rétrospective et perspective : 1989 - 2009</i>, Sep 2009, Paris, France. pp.87-100. <a target=""_blank"" href=""https://hal.science/hal-05188707v1"">&#x27E8;hal-05188707&#x27E9;</a>","<i>H2PTM'09 : Rétrospective et perspective : 1989 - 2009</i>, Sep 2009, Paris, France. pp.87-100"
5188718,hal-05188718,1,COMM,"Marcel O'Gorman. From Hypertext Theory to Applied Media Theory. <i>H2PTM'09 : Rétrospective et perspective : 1989 - 2009</i>, Sep 2009, Paris, France. pp.31-40. <a target=""_blank"" href=""https://hal.science/hal-05188718v1"">&#x27E8;hal-05188718&#x27E9;</a>","<i>H2PTM'09 : Rétrospective et perspective : 1989 - 2009</i>, Sep 2009, Paris, France. pp.31-40"
5163378,hal-02142802,1,COMM,"Vassili Rivron. Médias sociaux et ethnicité en Afrique Centrale : objectivation culturelle et réunification Ekang. <i>H2PTM'15 : Le numérique à l'ère de l'Internet des objets, de l’hypertexte à l’hyper-objet</i>, Oct 2015, Paris, France. pp.159-173. <a target=""_blank"" href=""https://normandie-univ.hal.science/hal-02142802v1"">&#x27E8;hal-02142802&#x27E9;</a>","<i>H2PTM'15 : Le numérique à l'ère de l'Internet des objets, de l’hypertexte à l’hyper-objet</i>, Oct 2015, Paris, France. pp.159-173"
436929,hal-00436929,1,COMM,"Guylain Delmas, Ronan Champagnat, Michel Augeraud. Le Jeu de Rôle : un modèle de récit interactif pour les jeux. <i>H2PTM'09 : Rétrospective et perspective : 1989 - 2009</i>, Sep 2009, Paris, France. pp.227-238. <a target=""_blank"" href=""https://hal.science/hal-00436929v1"">&#x27E8;hal-00436929&#x27E9;</a>","<i>H2PTM'09 : Rétrospective et perspective : 1989 - 2009</i>, Sep 2009, Paris, France. pp.227-238"
1037901,hal-01037901,1,COMM,"Julien Lavergne, Hanene Azzag, Christiane Guinot, Gilles Venturini. Construction d'un graphe hypertexte de documents par des fourmis artificielles. Exploration interactive d’un ensemble de documents. <i>H2PTM'09 : Rétrospective et perspective : 1989 - 2009</i>, Sep 2009, Paris, France. pp.139-150. <a target=""_blank"" href=""https://hal.science/hal-01037901v1"">&#x27E8;hal-01037901&#x27E9;</a>","<i>H2PTM'09 : Rétrospective et perspective : 1989 - 2009</i>, Sep 2009, Paris, France. pp.139-150"
5188655,lirmm-00440728,1,COMM,"Bérenger Arnaud, Mountaz Hascoët. Marquage coopératif de documents. <i>H2PTM 2009 - Rétrospective et perspective : 1989 - 2009</i>, Sep 2009, Paris, France. pp.397-401. <a target=""_blank"" href=""https://hal-lirmm.ccsd.cnrs.fr/lirmm-00440728v1"">&#x27E8;lirmm-00440728&#x27E9;</a>","<i>H2PTM 2009 - Rétrospective et perspective : 1989 - 2009</i>, Sep 2009, Paris, France. pp.397-401"
2344524,hal-02344524,1,COMM,"Mélody Laurent, Frédérick Bigrat. L'innovation technologique au service de la transmission du patrimoine de l'humanité : Projets numériques sur les lieux de patrimoine en France. <i>H2PTM'19 De l’hypertexte aux humanités numériques</i>, Oct 2019, Montbéliard, France. pp.303-322. <a target=""_blank"" href=""https://hal.science/hal-02344524v1"">&#x27E8;hal-02344524&#x27E9;</a>","<i>H2PTM'19 De l’hypertexte aux humanités numériques</i>, Oct 2019, Montbéliard, France. pp.303-322"
1526838,hal-00905473,1,COMM,"Bernard Idelson. Partout, tout le temps ! Presse régionale en ligne : dispositifs et stratégies éditoriales multimédias. Le cas de La Réunion. <i>H2PTM'09 : Rétrospective et perspective : 1989 - 2009</i>, Sep 2009, Paris, France. pp.299-312. <a target=""_blank"" href=""https://hal.science/hal-00905473v1"">&#x27E8;hal-00905473&#x27E9;</a>","<i>H2PTM'09 : Rétrospective et perspective : 1989 - 2009</i>, Sep 2009, Paris, France. pp.299-312"
3106875,hal-02511177,1,COMM,"Antoine Henry. Plateformisation dans une entreprise du secteur énergétique : institutionnalisation d'une communauté de pratique virtuelle d'émergence locale. <i>H2PTM'19 : De l’hypertexte aux humanités numériques</i>, Oct 2019, Montbéliard, France. pp.219-235. <a target=""_blank"" href=""https://hal.science/hal-02511177v1"">&#x27E8;hal-02511177&#x27E9;</a>","<i>H2PTM'19 : De l’hypertexte aux humanités numériques</i>, Oct 2019, Montbéliard, France. pp.219-235"
4462697,hal-04462697,1,COMM,"Mathieu Dubuis, Michel Labour, Sylvie Leleu-Merviel. Présence hypermédiatique du témoin disparu. Une expérimentation auprès des visiteurs. <i>H2PTM'23 : La fabrique du sens à l’ère de l’information numérique : enjeux et défis</i>, Oct 2023, Valenciennes (Nord), France. pp.235-256. <a target=""_blank"" href=""https://hal.science/hal-04462697v1"">&#x27E8;hal-04462697&#x27E9;</a>","<i>H2PTM'23 : La fabrique du sens à l’ère de l’information numérique : enjeux et défis</i>, Oct 2023, Valenciennes (Nord), France. pp.235-256"
1626544,hal-01626544,1,COMM,"Julien Pierre, Camille Alloing. Le design du web affectif : entre empathie et universalité. Retour sur les phases de conception de l'affectivité numérique. <i>H2PTM'17 : Le numérique à l’ère des designs, de l’hypertexte à l’hyper-expérience</i>, Oct 2017, Valenciennes, France. pp.112-130. <a target=""_blank"" href=""https://hal.science/hal-01626544v1"">&#x27E8;hal-01626544&#x27E9;</a>","<i>H2PTM'17 : Le numérique à l’ère des designs, de l’hypertexte à l’hyper-expérience</i>, Oct 2017, Valenciennes, France. pp.112-130"
5217030,hal-02636822,1,COMM,"Audilio Gonzales Aguilar, Claire Noy. Vers de nouvelles formes de collaboration et de recherche d'informations : du référencement de mots-clés à la visualisation des connaissances. <i>H2PTM'19 : De l’hypertexte aux humanités numériques</i>, ELLIADD; Laboratoire Paragraphe; DeVisu; Dicen IDF; Crem, Oct 2019, Montbéliard, France. pp.177-199. <a target=""_blank"" href=""https://hal.science/hal-02636822v1"">&#x27E8;hal-02636822&#x27E9;</a>","<i>H2PTM'19 : De l’hypertexte aux humanités numériques</i>, ELLIADD; Laboratoire Paragraphe; DeVisu; Dicen IDF; Crem, Oct 2019, Montbéliard, France. pp.177-199"
5194888,hal-03800907,1,COMM,"Orélie Desfriches Doria, Jean-Marc Meunier. Eduquer à l'esprit critique avec Polemika : entre « habitus numérique » et mobilisation des émotions. <i>H2PTM'21 : Information : enjeux et nouveaux défis</i>, Oct 2021, Aubervilliers, France. pp.112-124. <a target=""_blank"" href=""https://cyu.hal.science/hal-03800907v1"">&#x27E8;hal-03800907&#x27E9;</a>","<i>H2PTM'21 : Information : enjeux et nouveaux défis</i>, Oct 2021, Aubervilliers, France. pp.112-124"
5193314,hal-05193314,1,COMM,"Anne Bationo-Tillon, Francesca Cozzolino. En quête de temps. Quand un dispositif artistique interactif convoque des expériences inédites du temps. <i>H2PTM'17 : Le numérique à l’ère des designs, de l’hypertexte à l’hyper-expérience</i>, Oct 2017, Valenciennes, France. pp.168-186. <a target=""_blank"" href=""https://hal.science/hal-05193314v1"">&#x27E8;hal-05193314&#x27E9;</a>","<i>H2PTM'17 : Le numérique à l’ère des designs, de l’hypertexte à l’hyper-expérience</i>, Oct 2017, Valenciennes, France. pp.168-186"
5191416,hal-02108048,1,COMM,"Amadou Ndiaye. User participation in the structuring of cultural heritage data in a collaborative knowledge base. <i>H2PTM'15 : Le numérique à l'ère de l'Internet des objets, de l’hypertexte à l’hyper-objet</i>, Oct 2015, Paris, France. pp.346-360. <a target=""_blank"" href=""https://univ-paris8.hal.science/hal-02108048v1"">&#x27E8;hal-02108048&#x27E9;</a>","<i>H2PTM'15 : Le numérique à l'ère de l'Internet des objets, de l’hypertexte à l’hyper-objet</i>, Oct 2015, Paris, France. pp.346-360"
5217043,hal-05217043,1,COMM,"Franck Soudan. Collectifs intelligents et algorithmes : l'i-négociation sur Internet. <i>H2PTM'09 : Rétrospective et perspective : 1989 - 2009</i>, Sep 2009, Paris, France. pp.371-381. <a target=""_blank"" href=""https://hal.science/hal-05217043v1"">&#x27E8;hal-05217043&#x27E9;</a>","<i>H2PTM'09 : Rétrospective et perspective : 1989 - 2009</i>, Sep 2009, Paris, France. pp.371-381"
5190187,hal-05190187,1,COMM,"Sébastien Hock-Koon. La règle, la loi et le mécanisme de jeu vidéo : le rebond de la balle dans Pong. <i>H2PTM'11 : Hypermédias et pratiques numériques</i>, Oct 2011, Metz, France. pp.145-150. <a target=""_blank"" href=""https://hal.science/hal-05190187v1"">&#x27E8;hal-05190187&#x27E9;</a>","<i>H2PTM'11 : Hypermédias et pratiques numériques</i>, Oct 2011, Metz, France. pp.145-150"
759041,hal-00759041,1,COMM,"Bernard Jacquemin. Autorégulation des rapports sociaux entre contributeurs de Wikipedia. <i>H2PTM'11 : Hypermédias et pratiques numériques</i>, Oct 2011, Metz, France. pp.335-346. <a target=""_blank"" href=""https://hal.science/hal-00759041v1"">&#x27E8;hal-00759041&#x27E9;</a>","<i>H2PTM'11 : Hypermédias et pratiques numériques</i>, Oct 2011, Metz, France. pp.335-346"
520212,sic_00520212,1,COMM,"Thomas Martine. Pour une gestion participative des connaissances. <i>H2PTM'09. Rétrospective et perspective : 1989 - 2009</i>, Sep 2009, Paris, France. pp.58-70. <a target=""_blank"" href=""https://archivesic.ccsd.cnrs.fr/sic_00520212v1"">&#x27E8;sic_00520212&#x27E9;</a>","<i>H2PTM'09. Rétrospective et perspective : 1989 - 2009</i>, Sep 2009, Paris, France. pp.58-70"
1898217,hal-01698087,3,COMM,"Mélody Laurent, Serge Bouchardon, Domitile Lourdeaux, Nicolas Szilas. Récits interactifs pour l'apprentissage en environnement virtuel : design d'une scénarisation fondée sur l'uchronie.. <i>H2PTM'17 : Le numérique à l’ère des designs, de l’hypertexte à l’hyper-expérience</i>, Oct 2017, Valenciennes, France. pp.149-167. <a target=""_blank"" href=""https://hal.science/hal-01698087v3"">&#x27E8;hal-01698087v3&#x27E9;</a>","<i>H2PTM'17 : Le numérique à l’ère des designs, de l’hypertexte à l’hyper-expérience</i>, Oct 2017, Valenciennes, France. pp.149-167"
3418128,hal-02924134,1,COMM,"Manuel Zacklad, Orélie Desfriches-Doria, Gilles Bertin, Sylvain Mahé, Benoit Ricard, et al.. Miipa-Doc : gestion de l'hétérogénéité des classifications documentaires en entreprise. <i>H2PTM'11 : Hypermédias et pratiques numériques</i>, Oct 2011, Metz, France. pp.323-333. <a target=""_blank"" href=""https://utt.hal.science/hal-02924134v1"">&#x27E8;hal-02924134&#x27E9;</a>","<i>H2PTM'11 : Hypermédias et pratiques numériques</i>, Oct 2011, Metz, France. pp.323-333"
5217039,halshs-01701210,1,COMM,"Orélie Desfriches Doria, Fagot Christophe. Visualisation d’information à base de modèles pour l’argumentation. <i>H2PTM'15 : Le numérique à l'ère de l'Internet des objets, de l’hypertexte à l’hyper-objet</i>, Oct 2015, Paris, France. pp.199-214. <a target=""_blank"" href=""https://shs.hal.science/halshs-01701210v1"">&#x27E8;halshs-01701210&#x27E9;</a>","<i>H2PTM'15 : Le numérique à l'ère de l'Internet des objets, de l’hypertexte à l’hyper-objet</i>, Oct 2015, Paris, France. pp.199-214"
5194671,hal-05194671,1,COMM,"Calixte Xaviera, Gaëlle Baudoux, Samia Ben Rajeb, Pierre Leclercq. Analyse des activités complexes de conception médiatisée : identification des ressources dans l'usage d'outils. <i>H2PTM'19 : De l’hypertexte aux humanités numériques</i>, Oct 2019, Montbéliard, France. pp.89-101. <a target=""_blank"" href=""https://hal.science/hal-05194671v1"">&#x27E8;hal-05194671&#x27E9;</a>","<i>H2PTM'19 : De l’hypertexte aux humanités numériques</i>, Oct 2019, Montbéliard, France. pp.89-101"
5193385,hal-02637815,1,COMM,"Brigitte Juanals. Analyse de la circulation de l’information sur Twitter lors d’un événement culturel : une approche communicationnelle. <i>H2PTM'17 : Le numérique à l’ère des designs, de l’hypertexte à l’hyper-expérience</i>, Laboratoire Paragraphe; Crem; ELLIADD; Dicen IDF; DeVisu, Oct 2017, Valenciennes, France. pp.93-111. <a target=""_blank"" href=""https://hal.science/hal-02637815v1"">&#x27E8;hal-02637815&#x27E9;</a>","<i>H2PTM'17 : Le numérique à l’ère des designs, de l’hypertexte à l’hyper-expérience</i>, Laboratoire Paragraphe; Crem; ELLIADD; Dicen IDF; DeVisu, Oct 2017, Valenciennes, France. pp.93-111"
5190151,hal-05190151,1,COMM,"Eve Ross. Colline : un environnement collaboratif pour la conception d'un journal. <i>H2PTM'11 : Hypermédias et pratiques numériques</i>, Oct 2011, Metz, France. pp.181-193. <a target=""_blank"" href=""https://hal.science/hal-05190151v1"">&#x27E8;hal-05190151&#x27E9;</a>","<i>H2PTM'11 : Hypermédias et pratiques numériques</i>, Oct 2011, Metz, France. pp.181-193"
5191436,hal-03230604,1,COMM,"Gloria Awad. Méta-contenus et événement. Réécritures journalistiques numériques. <i>H2PTM'15 : Le numérique à l'ère de l'Internet des objets, de l’hypertexte à l’hyper-objet</i>, Oct 2015, Paris, France. pp.305-312. <a target=""_blank"" href=""https://univ-artois.hal.science/hal-03230604v1"">&#x27E8;hal-03230604&#x27E9;</a>","<i>H2PTM'15 : Le numérique à l'ère de l'Internet des objets, de l’hypertexte à l’hyper-objet</i>, Oct 2015, Paris, France. pp.305-312"
5191503,hal-01314491,1,COMM,"Mohamed Sakho Jimbira. La protection des données recueillies auprès d’utilisateurs musulmans français sur Facebook : des enjeux qui dépassent les considérations déontologiques. <i>H2PTM'15 : Le numérique à l'ère de l'Internet des objets, de l’hypertexte à l’hyper-objet</i>, Oct 2015, Paris, France. pp.133-144. <a target=""_blank"" href=""https://hal.science/hal-01314491v1"">&#x27E8;hal-01314491&#x27E9;</a>","<i>H2PTM'15 : Le numérique à l'ère de l'Internet des objets, de l’hypertexte à l’hyper-objet</i>, Oct 2015, Paris, France. pp.133-144"
5190067,sic_01780680,1,COMM,"Christine Bréandon, Franck Renucci. Design d’interface web et interactivité : un corps graphique révélé. <i>H2PTM'11 : Hypermédias et pratiques numériques</i>, Oct 2011, Metz, France. pp.243-256. <a target=""_blank"" href=""https://archivesic.ccsd.cnrs.fr/sic_01780680v1"">&#x27E8;sic_01780680&#x27E9;</a>","<i>H2PTM'11 : Hypermédias et pratiques numériques</i>, Oct 2011, Metz, France. pp.243-256"
3430046,hal-03259992,1,COMM,"Nour El Mawas, Jean-Pierre Cahier, Aurélien Bénel. Vers des jeux sérieux massivement participatifs permettant une co-conception des règles par les acteurs. <i>H2PTM'11 : Hypermédias et pratiques numériques</i>, Oct 2011, Metz, France. pp.79-92. <a target=""_blank"" href=""https://hal.science/hal-03259992v1"">&#x27E8;hal-03259992&#x27E9;</a>","<i>H2PTM'11 : Hypermédias et pratiques numériques</i>, Oct 2011, Metz, France. pp.79-92"
5188650,hal-05188650,1,COMM,"Sophie Lavaud-Forest. Un exemple de Système-Multi-Agents appliqué à la création artistique. <i>H2PTM'09 : Rétrospective et perspective : 1989 - 2009</i>, Sep 2009, Paris, France. pp.419-425. <a target=""_blank"" href=""https://hal.science/hal-05188650v1"">&#x27E8;hal-05188650&#x27E9;</a>","<i>H2PTM'09 : Rétrospective et perspective : 1989 - 2009</i>, Sep 2009, Paris, France. pp.419-425"
5188658,hal-05188658,1,COMM,"Manuel Zacklad, Dominique Laousse. Quels dispositifs informationnels pour la mobilité urbaine ? Une approche basée sur la documentarisation participative des itinéraires. <i>H2PTM'09 : Rétrospective et perspective : 1989 - 2009</i>, Sep 2009, Paris, France. pp.383-396. <a target=""_blank"" href=""https://hal.science/hal-05188658v1"">&#x27E8;hal-05188658&#x27E9;</a>","<i>H2PTM'09 : Rétrospective et perspective : 1989 - 2009</i>, Sep 2009, Paris, France. pp.383-396"
5191393,hal-05191393,1,COMM,"Sarah Labelle, Marion Rollandin. Sociabilité dans les jeux multijoueurs en ligne Sociabilité dans les jeux multijoueurs en ligne. Processus managériaux au sein des collectifs. <i>H2PTM'15 : Le numérique à l'ère de l'Internet des objets, de l’hypertexte à l’hyper-objet</i>, Oct 2015, Paris, France. pp.393-404. <a target=""_blank"" href=""https://hal.science/hal-05191393v1"">&#x27E8;hal-05191393&#x27E9;</a>","<i>H2PTM'15 : Le numérique à l'ère de l'Internet des objets, de l’hypertexte à l’hyper-objet</i>, Oct 2015, Paris, France. pp.393-404"
2080448,hal-02080448,1,COMM,"Marida Di Crosta, Alain Balseiro. L’effet détail séducteur. La pratique du détail comme forme d’appropriation informelle de dispositifs hypermédias. <i>H2PTM'09 : Rétrospective et perspective : 1989 - 2009</i>, Sep 2009, Paris, France. pp.281-290. <a target=""_blank"" href=""https://hal.science/hal-02080448v1"">&#x27E8;hal-02080448&#x27E9;</a>","<i>H2PTM'09 : Rétrospective et perspective : 1989 - 2009</i>, Sep 2009, Paris, France. pp.281-290"
4254266,hal-04138347,1,COMM,"Adrien Fallot, Aurélien Bénel, Ines Di Loreto. Cadre de conception et de rétro-conception de dispositifs de visite autonome. <i>H2PTM'23 : La fabrique du sens à l’ère de l’information numérique : enjeux et défis</i>, Oct 2023, Valenciennes, France. pp.201-217. <a target=""_blank"" href=""https://hal.science/hal-04138347v1"">&#x27E8;hal-04138347&#x27E9;</a>","<i>H2PTM'23 : La fabrique du sens à l’ère de l’information numérique : enjeux et défis</i>, Oct 2023, Valenciennes, France. pp.201-217"
2552546,hal-02552546,1,COMM,"Julien Maitre, Michel Ménard, Alain Bouju, Guillaume Chiron. Recherche de signaux faibles dans un contexte d’investigation numérique. <i>H2PTM'19 : De l’hypertexte aux humanités numériques</i>, Oct 2019, Montbéliard, France. pp.200-215. <a target=""_blank"" href=""https://hal.science/hal-02552546v1"">&#x27E8;hal-02552546&#x27E9;</a>","<i>H2PTM'19 : De l’hypertexte aux humanités numériques</i>, Oct 2019, Montbéliard, France. pp.200-215"
5190211,hal-05190211,1,COMM,"Aude Seurrat, Luc Ploquin. Le secteur de l'énergie au prisme du jeu vidéo : le cas des « serious games » sur l'énergie. <i>H2PTM'11 : Hypermédias et pratiques numériques</i>, Oct 2011, Metz, France. pp.105-116. <a target=""_blank"" href=""https://hal.science/hal-05190211v1"">&#x27E8;hal-05190211&#x27E9;</a>","<i>H2PTM'11 : Hypermédias et pratiques numériques</i>, Oct 2011, Metz, France. pp.105-116"
2331579,hal-02331579,1,PROCEEDINGS,"Ioan Roxin, Imad Saleh, Nasreddine Bouhai, Sylvie Leleu-Merviel, Yves Jeanneret, et al.. H2PTM’19. De l’hypertexte aux humanités numériques. <i>H2PTM’19 : de l’hypertexte aux humanités numériques</i>, Oct 2019, Montbéliard, France. Iste Ed., 2019, 9781784056513; 9781784066512. <a target=""_blank"" href=""https://hal.univ-lorraine.fr/hal-02331579v1"">&#x27E8;hal-02331579&#x27E9;</a>","<i>H2PTM’19 : de l’hypertexte aux humanités numériques</i>, Oct 2019, Montbéliard, France. Iste Ed., 2019, 9781784056513; 9781784066512"
5190092,hal-05190092,1,COMM,"Alexandra Saemmer, Philippe Bootz, Raja Fenniche, Sami Hachicha. Approches sémiotiques et interculturelles d'un site web tunisien. <i>H2PTM'11 : Hypermédias et pratiques numériques</i>, Oct 2011, Metz, France. pp.215-228. <a target=""_blank"" href=""https://hal.science/hal-05190092v1"">&#x27E8;hal-05190092&#x27E9;</a>","<i>H2PTM'11 : Hypermédias et pratiques numériques</i>, Oct 2011, Metz, France. pp.215-228"
5214769,hal-05190242,1,COMM,"Nathalie Tornay, Frédéric Bonneaud, Luc Adolphe, Sarah Meslem. Navigation au sein d'un outil d'aide à la conception basé sur l'activité référentielle. Exemple des modes opératoires des concepteurs propres aux choix de matériaux de construction. <i>H2PTM'11 : Hypermédias et pratiques numériques</i>, Oct 2011, Metz, France. pp.71-76. <a target=""_blank"" href=""https://hal.science/hal-05190242v1"">&#x27E8;hal-05190242&#x27E9;</a>","<i>H2PTM'11 : Hypermédias et pratiques numériques</i>, Oct 2011, Metz, France. pp.71-76"
5188665,hal-05188665,1,COMM,"Joana Ziller, Maria Aparecida Moura. Information Quality in Brazilian News Portals: a Semiotic Approach. <i>H2PTM'09 : Rétrospective et perspective : 1989 - 2009</i>, Sep 2009, Paris, France. pp.313-322. <a target=""_blank"" href=""https://hal.science/hal-05188665v1"">&#x27E8;hal-05188665&#x27E9;</a>","<i>H2PTM'09 : Rétrospective et perspective : 1989 - 2009</i>, Sep 2009, Paris, France. pp.313-322"
5188716,hal-05188716,1,COMM,"Samuel Parfouru, Rodolphe Beck. De l'écriture d'un document à la génération d'un hypertexte décisionnel. Analyse et instrumentation du cycle de vie d'un tableau de bord de pilotage. <i>H2PTM'09 : Rétrospective et perspective : 1989 - 2009</i>, Sep 2009, Paris, France. pp.47-58. <a target=""_blank"" href=""https://hal.science/hal-05188716v1"">&#x27E8;hal-05188716&#x27E9;</a>","<i>H2PTM'09 : Rétrospective et perspective : 1989 - 2009</i>, Sep 2009, Paris, France. pp.47-58"
5191448,hal-05191448,1,COMM,"Ji Eun Park. Médiation des œuvres nouveaux médias dans les institutions muséales. Le cas du net art. <i>H2PTM'15 : Le numérique à l'ère de l'Internet des objets, de l’hypertexte à l’hyper-objet</i>, Oct 2015, Paris, France. pp.273-286. <a target=""_blank"" href=""https://hal.science/hal-05191448v1"">&#x27E8;hal-05191448&#x27E9;</a>","<i>H2PTM'15 : Le numérique à l'ère de l'Internet des objets, de l’hypertexte à l’hyper-objet</i>, Oct 2015, Paris, France. pp.273-286"
5191485,hal-05191485,1,COMM,"Nathalie Lacelle, Monique Lebrun. De l'hypotexte à l'hypermédia : illustrations du processus d'écriture hypertextuelle multimodale. <i>H2PTM'15 : Le numérique à l'ère de l'Internet des objets, de l’hypertexte à l’hyper-objet</i>, Oct 2015, Paris, France. pp.21-35. <a target=""_blank"" href=""https://hal.science/hal-05191485v1"">&#x27E8;hal-05191485&#x27E9;</a>","<i>H2PTM'15 : Le numérique à l'ère de l'Internet des objets, de l’hypertexte à l’hyper-objet</i>, Oct 2015, Paris, France. pp.21-35"
5193465,hal-05193465,1,COMM,"Fanny Georges, Antoine Seilles, Guillaume Artignan, Bérenger Arnaud, Mountaz Hascoët, et al.. Sémiotique et visualisation de l'identité numérique : une étude comparée de Facebook et Myspace. <i>H2PTM 2009 - Rétrospective et perspective : 1989 - 2009</i>, Sep 2009, Paris, France. pp.257-268. <a target=""_blank"" href=""https://hal.science/hal-05193465v1"">&#x27E8;hal-05193465&#x27E9;</a>","<i>H2PTM 2009 - Rétrospective et perspective : 1989 - 2009</i>, Sep 2009, Paris, France. pp.257-268"
5196039,hal-04435522,1,COMM,"Douniazed Chibane, Hafida Boulekbache-Mazouz. Cartographie et plateforme collaboratives au service d’une expérience territoriale de médiation. <i>H2PTM'23 : La fabrique du sens à l’ère de l’information numérique : enjeux et défis</i>, Oct 2023, Valenciennes, France. pp.183-193. <a target=""_blank"" href=""https://hal.science/hal-04435522v1"">&#x27E8;hal-04435522&#x27E9;</a>","<i>H2PTM'23 : La fabrique du sens à l’ère de l’information numérique : enjeux et défis</i>, Oct 2023, Valenciennes, France. pp.183-193"
5196056,hal-05196056,1,COMM,"Renée Bourassa, Jean-Marc Larrue, Fabien Richert. Magicalité, simulation et intelligence artificielle : formes et enjeux des puissances contemporaines de l'illusion. <i>H2PTM'23 : La fabrique du sens à l’ère de l’information numérique : enjeux et défis</i>, Oct 2023, Valenciennes, France. pp.148-163. <a target=""_blank"" href=""https://hal.science/hal-05196056v1"">&#x27E8;hal-05196056&#x27E9;</a>","<i>H2PTM'23 : La fabrique du sens à l’ère de l’information numérique : enjeux et défis</i>, Oct 2023, Valenciennes, France. pp.148-163"
5191412,hal-05191412,1,COMM,"Vincenza Ferrara, Francesco Lella, Saverio Giulio Malatesta. Tools to re-use museum resources in educational environment. <i>H2PTM'15 : Le numérique à l'ère de l'Internet des objets, de l’hypertexte à l’hyper-objet</i>, Oct 2015, Paris, France. pp.363-372. <a target=""_blank"" href=""https://hal.science/hal-05191412v1"">&#x27E8;hal-05191412&#x27E9;</a>","<i>H2PTM'15 : Le numérique à l'ère de l'Internet des objets, de l’hypertexte à l’hyper-objet</i>, Oct 2015, Paris, France. pp.363-372"
5193403,hal-02150197,1,COMM,"Pauline Brouard, Marion Rollandin. L’amateur-professionnalisé : compétences et enjeux communicationnels. Captation des publics dans les dispositifs médiatisés. <i>H2PTM'17 : Le numérique à l’ère des designs, de l’hypertexte à l’hyper-expérience</i>, Oct 2017, Valenciennes, France. pp.331-346. <a target=""_blank"" href=""https://hal.science/hal-02150197v1"">&#x27E8;hal-02150197&#x27E9;</a>","<i>H2PTM'17 : Le numérique à l’ère des designs, de l’hypertexte à l’hyper-expérience</i>, Oct 2017, Valenciennes, France. pp.331-346"
5196067,hal-04296175,1,COMM,"Aymeric Bouchereau, Antonin Segault. Une synthèse raisonnée de l'IA ? Usage des références bibliographiques des articles de Wikipédia sur l'Intelligence artificielle. <i>H2PTM'23 : La fabrique du sens à l’ère de l’information numérique : enjeux et défis</i>, Oct 2023, Valenciennes, France. pp.117-131. <a target=""_blank"" href=""https://hal.science/hal-04296175v1"">&#x27E8;hal-04296175&#x27E9;</a>","<i>H2PTM'23 : La fabrique du sens à l’ère de l’information numérique : enjeux et défis</i>, Oct 2023, Valenciennes, France. pp.117-131"
5196091,hal-04724311,1,COMM,"Charles-Alexandre Delestage, Willy Yvart. Visualisation des transferts émotionnels de cohortes – Étude de cas sur la notion de non-violence. <i>H2PTM'23 : La fabrique du sens à l’ère de l’information numérique : enjeux et défis</i>, Oct 2023, Valenciennes, France. pp.83-98. <a target=""_blank"" href=""https://hal.science/hal-04724311v1"">&#x27E8;hal-04724311&#x27E9;</a>","<i>H2PTM'23 : La fabrique du sens à l’ère de l’information numérique : enjeux et défis</i>, Oct 2023, Valenciennes, France. pp.83-98"
5194884,hal-05194884,1,COMM,"Mathilde Sarré-Charrier. La désinformation en prospective créative : analyse des artefacts médiateurs de désinformation via la Sémiotique des Transactions Coopératives (S.T.C.). <i>H2PTM'21 : Information : enjeux et nouveaux défis</i>, Oct 2021, Aubervilliers, France. pp.249-251. <a target=""_blank"" href=""https://hal.science/hal-05194884v1"">&#x27E8;hal-05194884&#x27E9;</a>","<i>H2PTM'21 : Information : enjeux et nouveaux défis</i>, Oct 2021, Aubervilliers, France. pp.249-251"
5189998,sic_01794626,1,COMM,"Christine Bréandon, Samy Ben Amor. Le design dans l'enseignement à distance : de la contextualisation médiatisée et médiatée. <i>H2PTM'11 : Hypermédias et pratiques numériques</i>, Université Paul Verlaine-Metz; Université Paris 8, Oct 2011, Metz, France. pp.303-314. <a target=""_blank"" href=""https://archivesic.ccsd.cnrs.fr/sic_01794626v1"">&#x27E8;sic_01794626&#x27E9;</a>","<i>H2PTM'11 : Hypermédias et pratiques numériques</i>, Université Paul Verlaine-Metz; Université Paris 8, Oct 2011, Metz, France. pp.303-314"
4716220,hal-04071742,1,COMM,"Samuel Gantier. Quel design d’interaction pour le web-documentaire ? Proposition de typologie interactionnelle de la production sur la décennie 2005-2015. <i>H2PTM'15 : Le numérique à l'ère de l'Internet des objets, de l’hypertexte à l’hyper-objet</i>, Oct 2015, Paris, France. pp.258-272. <a target=""_blank"" href=""https://uphf.hal.science/hal-04071742v1"">&#x27E8;hal-04071742&#x27E9;</a>","<i>H2PTM'15 : Le numérique à l'ère de l'Internet des objets, de l’hypertexte à l’hyper-objet</i>, Oct 2015, Paris, France. pp.258-272"
3454373,hal-03452769,1,COMM,"Anne Cordier. Des formats d'information : Une mise à l'épreuve critique de l'expérience informationnelle. <i>H2PTM'21 : Information : enjeux et nouveaux défis</i>, Laboratoire Paragraphe (Université Paris 8), Oct 2021, Paris, France. pp.39-56. <a target=""_blank"" href=""https://hal.univ-lorraine.fr/hal-03452769v1"">&#x27E8;hal-03452769&#x27E9;</a>","<i>H2PTM'21 : Information : enjeux et nouveaux défis</i>, Laboratoire Paragraphe (Université Paris 8), Oct 2021, Paris, France. pp.39-56"
5188649,hal-05188649,1,COMM,"Anne Laforet. Net artistes et stratégies de conservation de leurs œuvres. <i>H2PTM'09 : Rétrospective et perspective : 1989 - 2009</i>, Sep 2009, Paris, France. pp.427-439. <a target=""_blank"" href=""https://hal.science/hal-05188649v1"">&#x27E8;hal-05188649&#x27E9;</a>","<i>H2PTM'09 : Rétrospective et perspective : 1989 - 2009</i>, Sep 2009, Paris, France. pp.427-439"
5191387,hal-05191387,1,COMM,"Lubna Odeh, Prado Cécile Le. Pervasive Games: Design Needs and Authoring Tools Requirements. <i>H2PTM'15 : Le numérique à l'ère de l'Internet des objets, de l’hypertexte à l’hyper-objet</i>, Oct 2015, Paris, France. pp.405-418. <a target=""_blank"" href=""https://hal.science/hal-05191387v1"">&#x27E8;hal-05191387&#x27E9;</a>","<i>H2PTM'15 : Le numérique à l'ère de l'Internet des objets, de l’hypertexte à l’hyper-objet</i>, Oct 2015, Paris, France. pp.405-418"
4749747,hal-04300485,1,COMM,"Ugo Verdi, Orélie Desfriches Doria. Information Literacy : une exploration hypertextuelle. <i>H2PTM'19 : De l’hypertexte aux humanités numériques</i>, Oct 2019, Montbéliard (Doubs), France. pp.22-46. <a target=""_blank"" href=""https://hal.science/hal-04300485v1"">&#x27E8;hal-04300485&#x27E9;</a>","<i>H2PTM'19 : De l’hypertexte aux humanités numériques</i>, Oct 2019, Montbéliard (Doubs), France. pp.22-46"
5196117,hal-05196117,1,COMM,"Kevin Beaufils, Etienne Armand Amato, Etienne Perény. Produire du sens pour faire corps avec son avatar volant autoscopique : comparaison du sentiment d'immersion médiatique et de contrôle interactif entre néophytes et experts. <i>H2PTM'23 : La fabrique du sens à l’ère de l’information numérique : enjeux et défis</i>, Oct 2023, Valenciennes, France. pp.03-18. <a target=""_blank"" href=""https://hal.science/hal-05196117v1"">&#x27E8;hal-05196117&#x27E9;</a>","<i>H2PTM'23 : La fabrique du sens à l’ère de l’information numérique : enjeux et défis</i>, Oct 2023, Valenciennes, France. pp.03-18"
4075026,hal-04075026,1,COMM,"Luc Dall'Armellina. Hypertexte &amp; hypermodernité. <i>H2PTM'09 : Rétrospective et perspective : 1989 - 2009</i>, Sep 2009, Paris, France. pp.17-30. <a target=""_blank"" href=""https://hal.science/hal-04075026v1"">&#x27E8;hal-04075026&#x27E9;</a>","<i>H2PTM'09 : Rétrospective et perspective : 1989 - 2009</i>, Sep 2009, Paris, France. pp.17-30"
2321626,hal-02321626,1,COMM,"Alexandra Saemmer, Nolwenn Tréhondart. Le design éditorial des livres d'art numériques, au prisme de leurs pratiques de conception et de réception. <i>H2PTM'17 : Le numérique à l’ère des designs, de l’hypertexte à l’hyper-expérience</i>, Laboratoire Paragraphe (Université Paris 8 Vincennes-Saint-Denis, Université de Cergy-Pontoise); Gripic (Celsa); DeVisu (Université de Valenciennes); Dicen IDF (Conservatoire national des arts et métiers, Université Paris-Est Marne-la-Vallée, Université Paris-Nanterre); Elliadd (Université de Franche-Comté); Centre de recherche sur les médiations (Crem, Université de Lorraine), Oct 2017, Valenciennes, France. pp.187-206. <a target=""_blank"" href=""https://hal.science/hal-02321626v1"">&#x27E8;hal-02321626&#x27E9;</a>","<i>H2PTM'17 : Le numérique à l’ère des designs, de l’hypertexte à l’hyper-expérience</i>, Laboratoire Paragraphe (Université Paris 8 Vincennes-Saint-Denis, Université de Cergy-Pontoise); Gripic (Celsa); DeVisu (Université de Valenciennes); Dicen IDF (Conservatoire national des arts et métiers, Université Paris-Est Marne-la-Vallée, Université Paris-Nanterre); Elliadd (Université de Franche-Comté); Centre de recherche sur les médiations (Crem, Université de Lorraine), Oct 2017, Valenciennes, France. pp.187-206"
5190233,hal-05190233,1,COMM,"Sarah Labelle, Olivier Mauco, Alban Grégoire. Penser l'hétérogénéité des médiations dans un « serious game ». Rôles du scénario et du game design. <i>H2PTM'11 : Hypermédias et pratiques numériques</i>, Oct 2011, Metz, France. pp.93-104. <a target=""_blank"" href=""https://hal.science/hal-05190233v1"">&#x27E8;hal-05190233&#x27E9;</a>","<i>H2PTM'11 : Hypermédias et pratiques numériques</i>, Oct 2011, Metz, France. pp.93-104"
3138373,hal-03138373,1,COMM,"Marc Veyrat, Franck Soudan. WWWell.com in U-rss / L’art de l’hyperportrait : entre donnée et information. <i>H2PTM'11 : Hypermédias et pratiques numériques</i>, Oct 2011, Metz, France. pp.207-212. <a target=""_blank"" href=""https://hal.science/hal-03138373v1"">&#x27E8;hal-03138373&#x27E9;</a>","<i>H2PTM'11 : Hypermédias et pratiques numériques</i>, Oct 2011, Metz, France. pp.207-212"
1314409,hal-01314409,1,PROCEEDINGS,"Imad Saleh, Valerie Carayol, Sylvie Leleu-Merviel, Luc Massou, Ioan Roxin, et al.. Le numérique à l’ère de l’Internet des objets, de l’hypertexte à l’hyper-objet. <i>H2PTM’15</i>, Oct 2015, Paris, France. ISTE, 2015, Systèmes d'information, web et société, 978-1-78405-115-0. <a target=""_blank"" href=""https://hal.science/hal-01314409v1"">&#x27E8;hal-01314409&#x27E9;</a>","<i>H2PTM’15</i>, Oct 2015, Paris, France. ISTE, 2015, Systèmes d'information, web et société, 978-1-78405-115-0"
5193305,hal-05193305,1,COMM,"Etienne Armand Amato, Etienne Perény, Alain Berthoz. Une étude de l'immersion avatariale à l'œuvre dans les médias cybernétiques (jeux vidéo, réalité virtuelle) grâce au design d'une « hyper-expérience » de bilocalisation. <i>H2PTM'17 : Le numérique à l’ère des designs, de l’hypertexte à l’hyper-expérience</i>, Oct 2017, Valenciennes, France. pp.03-19. <a target=""_blank"" href=""https://hal.science/hal-05193305v1"">&#x27E8;hal-05193305&#x27E9;</a>","<i>H2PTM'17 : Le numérique à l’ère des designs, de l’hypertexte à l’hyper-expérience</i>, Oct 2017, Valenciennes, France. pp.03-19"
1768318,sic_00395452,1,COMM,"Guillaume Loizillon, Hervé Zénouda. Trace Label, une expérience d'un micro-label indépendant face à la dématérialisation du sonore enregistré. <i>H2PTM'09 : Rétrospective et perspective : 1989 - 2009</i>, Université Paris 8, Sep 2009, Paris, France. pp.441-449. <a target=""_blank"" href=""https://archivesic.ccsd.cnrs.fr/sic_00395452v1"">&#x27E8;sic_00395452&#x27E9;</a>","<i>H2PTM'09 : Rétrospective et perspective : 1989 - 2009</i>, Université Paris 8, Sep 2009, Paris, France. pp.441-449"
5194909,hal-05194909,1,COMM,"Aurélie Aubert. Information et réseaux sociaux numériques : une transformation des logiques de programmation avec les outils de veille sociale. <i>H2PTM'21 : Information : enjeux et nouveaux défis</i>, Oct 2021, Aubervilliers, France. pp.141-153. <a target=""_blank"" href=""https://hal.science/hal-05194909v1"">&#x27E8;hal-05194909&#x27E9;</a>","<i>H2PTM'21 : Information : enjeux et nouveaux défis</i>, Oct 2021, Aubervilliers, France. pp.141-153"
5194890,hal-03452766,1,COMM,"Marie Chagnoux, Raphael da Silva, Faten El Outa, Nicolas Labroche, Patrick Marcel, et al.. Modéliser la démarche du data journaliste : une approche nécessairement transdisciplinaire. <i>H2PTM'21 : Information : enjeux et nouveaux défis</i>, Oct 2021, Aubervilliers, France. pp.154-168. <a target=""_blank"" href=""https://hal.science/hal-03452766v1"">&#x27E8;hal-03452766&#x27E9;</a>","<i>H2PTM'21 : Information : enjeux et nouveaux défis</i>, Oct 2021, Aubervilliers, France. pp.154-168"
5194650,hal-05194650,1,COMM,"Claude Baltz. ""Exformation"" : Au cœur des humanités numériques ? Une contribution à l'écologie de l'information. <i>H2PTM'19 : De l’hypertexte aux humanités numériques</i>, Oct 2019, Montbéliard, France. pp.275-300. <a target=""_blank"" href=""https://hal.science/hal-05194650v1"">&#x27E8;hal-05194650&#x27E9;</a>","<i>H2PTM'19 : De l’hypertexte aux humanités numériques</i>, Oct 2019, Montbéliard, France. pp.275-300"
3419892,hal-03419892,1,COMM,"Gérald Kembellec. Intelligibilité multimodale de l'hypertexte érudit : le rôle du documentaliste. Une nécessaire collaboration pour la documentarisation sérielle dans la chaîne éditoriale scientifique. <i>H2PTM'21 : Information : enjeux et nouveaux défis</i>, Oct 2021, Paris, France. pp.233-246. <a target=""_blank"" href=""https://hal.science/hal-03419892v1"">&#x27E8;hal-03419892&#x27E9;</a>","<i>H2PTM'21 : Information : enjeux et nouveaux défis</i>, Oct 2021, Paris, France. pp.233-246"
2318358,hal-02313625,1,COMM,"Aurélien Bénel. 15 ans de Web 2.0 : Imitation pop ou extension du domaine de l'Hypermédia ?. <i>H2PTM'19 : De l’hypertexte aux humanités numériques</i>, Oct 2019, Montbéliard, France. pp.111-125. <a target=""_blank"" href=""https://hal.science/hal-02313625v1"">&#x27E8;hal-02313625&#x27E9;</a>","<i>H2PTM'19 : De l’hypertexte aux humanités numériques</i>, Oct 2019, Montbéliard, France. pp.111-125"
2409701,hal-02409701,1,COMM,"Frédérick Bigrat, Cécile Méadel, Mélody Laurent. Réalisation de MOOC en France entre 2012 et 2019 : impact sur les pratiques pédagogiques des enseignants-chercheurs impliqués dans leur conception. <i>H2PTM'19 : De l’hypertexte aux humanités numériques</i>, Oct 2019, Montbélliard, France. pp.355-367. <a target=""_blank"" href=""https://hal.science/hal-02409701v1"">&#x27E8;hal-02409701&#x27E9;</a>","<i>H2PTM'19 : De l’hypertexte aux humanités numériques</i>, Oct 2019, Montbélliard, France. pp.355-367"
1638054,hal-01638054,1,COMM,"Anne Lehmans, ​stéphanie ​ Cardoso​. Datavisualisation des données ouvertes et design pédagogique​ ​ dans​ ​ les​ ​ formats​ ​ de​ ​ connaissances. <i>H2PTM'17 : Le numérique à l’ère des designs, de l’hypertexte à l’hyper-expérience</i>, Oct 2017, Valenciennes, France. pp.293-306. <a target=""_blank"" href=""https://hal.science/hal-01638054v1"">&#x27E8;hal-01638054&#x27E9;</a>","<i>H2PTM'17 : Le numérique à l’ère des designs, de l’hypertexte à l’hyper-expérience</i>, Oct 2017, Valenciennes, France. pp.293-306"
1045159,hal-01045159,1,COMM,"Sabine Barrat, Nicolas Sidère, Jean-Yves Ramel, Sylvette Denefle, Alain Salamagne, et al.. Utilisation de méthodes à base de points d'interets pour l'analyse d'images urbaines. <i>H2PTM'11 : Hypermédias et pratiques numériques</i>, Oct 2011, Metz, France. pp.65-70. <a target=""_blank"" href=""https://hal.science/hal-01045159v1"">&#x27E8;hal-01045159&#x27E9;</a>","<i>H2PTM'11 : Hypermédias et pratiques numériques</i>, Oct 2011, Metz, France. pp.65-70"
1679390,halshs-01599184,1,COMM,"Anne Cordier. Du design de la transparence à l'agir informationnel : Les apports d'une approche sociale de l'information. <i>H2PTM'17 : Le numérique à l’ère des designs, de l’hypertexte à l’hyper-expérience</i>, Oct 2017, Valenciennes, France. pp.131-146. <a target=""_blank"" href=""https://shs.hal.science/halshs-01599184v1"">&#x27E8;halshs-01599184&#x27E9;</a>","<i>H2PTM'17 : Le numérique à l’ère des designs, de l’hypertexte à l’hyper-expérience</i>, Oct 2017, Valenciennes, France. pp.131-146"
5193471,hal-05193471,1,COMM,"Sandro Varano, Jean-Claude Bignon, Gautier Castellino. Des parcours topographiques et cognitifs dédiés à l'apprentissage : une réinterprétation du chemin critique des jeux vidéo. <i>H2PTM'09 : Rétrospective et perspective : 1989 - 2009</i>, Sep 2009, Paris, France. pp.251-256. <a target=""_blank"" href=""https://hal.science/hal-05193471v1"">&#x27E8;hal-05193471&#x27E9;</a>","<i>H2PTM'09 : Rétrospective et perspective : 1989 - 2009</i>, Sep 2009, Paris, France. pp.251-256"
5193438,hal-05193438,1,COMM,"Rica Simona Antin, Pascal Guy, Pauline Thevenot. Conception d'un écosystème d'aide à l'orientation : problématiques informationnelles et réponses numériquesLe cas de la cartographie Cairn pour les nouveaux métiers de la santé. <i>H2PTM'17 : Le numérique à l’ère des designs, de l’hypertexte à l’hyper-expérience</i>, Oct 2017, Valenciennes, France. pp.251-272. <a target=""_blank"" href=""https://hal.science/hal-05193438v1"">&#x27E8;hal-05193438&#x27E9;</a>","<i>H2PTM'17 : Le numérique à l’ère des designs, de l’hypertexte à l’hyper-expérience</i>, Oct 2017, Valenciennes, France. pp.251-272"
2480515,sic_02480515,1,COMM,"Olivier Le Deuff, Arthur Perret, Clément Borel, Jean David. Surfer dans l'Otletosphère Des outils pour visualiser et interroger le réseau de Paul Otlet. <i>H2PTM'19 : De l’hypertexte aux humanités numériques</i>, Roxin Ioan, Oct 2019, Montbelliard, France. pp.65-76. <a target=""_blank"" href=""https://archivesic.ccsd.cnrs.fr/sic_02480515v1"">&#x27E8;sic_02480515&#x27E9;</a>","<i>H2PTM'19 : De l’hypertexte aux humanités numériques</i>, Roxin Ioan, Oct 2019, Montbelliard, France. pp.65-76"
5214765,hal-05190196,1,COMM,"Laura Saini, Nicolas Lissarrague, Gudrun Albrecht, Lucia Romani, Christoph Fünfzig, et al.. Animation 3D : mouvements de caméra réalistes pour la stop motion. <i>H2PTM'11 : Hypermédias et pratiques numériques</i>, Oct 2011, Metz, France. pp.137-143. <a target=""_blank"" href=""https://hal.science/hal-05190196v1"">&#x27E8;hal-05190196&#x27E9;</a>","<i>H2PTM'11 : Hypermédias et pratiques numériques</i>, Oct 2011, Metz, France. pp.137-143"
5194895,hal-03795690,1,COMM,"Pascal Bouchez, Philippe Bobola. L'éco-conscience comme repolarisation future du design informationnel de l'infosphère. <i>H2PTM'21 : Information : enjeux et nouveaux défis</i>, Oct 2021, Aubervilliers, France. pp.03-22. <a target=""_blank"" href=""https://uphf.hal.science/hal-03795690v1"">&#x27E8;hal-03795690&#x27E9;</a>","<i>H2PTM'21 : Information : enjeux et nouveaux défis</i>, Oct 2021, Aubervilliers, France. pp.03-22"
5191372,hal-05191372,1,COMM,"Lénaïk Leyoudec. Interroger le web des données dans un cadre patrimonial : reconstruire une intelligibilité de l’archive au sein d’un dispositif éditorial. <i>H2PTM'15 : Le numérique à l'ère de l'Internet des objets, de l’hypertexte à l’hyper-objet</i>, Oct 2015, Paris, France. pp.433-440. <a target=""_blank"" href=""https://hal.science/hal-05191372v1"">&#x27E8;hal-05191372&#x27E9;</a>","<i>H2PTM'15 : Le numérique à l'ère de l'Internet des objets, de l’hypertexte à l’hyper-objet</i>, Oct 2015, Paris, France. pp.433-440"
5193369,hal-03166130,1,COMM,"Diane Dufort, Federico Tajariol, Ioan Roxin. Obstacles et aides à la conception de dispositifs de médiation : une approche sémantique d’aide à la conception des jeux pervasifs culturels. <i>H2PTM'17 : Le numérique à l’ère des designs, de l’hypertexte à l’hyper-expérience</i>, Oct 2017, Valenciennes, France. pp.35-54. <a target=""_blank"" href=""https://hal.science/hal-03166130v1"">&#x27E8;hal-03166130&#x27E9;</a>","<i>H2PTM'17 : Le numérique à l’ère des designs, de l’hypertexte à l’hyper-expérience</i>, Oct 2017, Valenciennes, France. pp.35-54"
5190176,hal-01447302,1,COMM,"Justine Simon. Analyse des liens hypertextes sur le site Mediapart dans l’affaire Woerth/Bettencourt/Mediapart. <i>H2PTM'11 : Hypermédias et pratiques numériques</i>, Oct 2011, Metz, France. pp.153-164. <a target=""_blank"" href=""https://hal.science/hal-01447302v1"">&#x27E8;hal-01447302&#x27E9;</a>","<i>H2PTM'11 : Hypermédias et pratiques numériques</i>, Oct 2011, Metz, France. pp.153-164"
5194872,hal-05194872,1,COMM,"Gaëlle Baudoux, Pierre Leclercq. Pratiques d'écriture collaborative en conception architecturale : caractérisation de l'information-projet en regard de l'usage des médias. <i>H2PTM'21 : Information : enjeux et nouveaux défis</i>, Oct 2021, Aubervilliers, France. pp.201-215. <a target=""_blank"" href=""https://hal.science/hal-05194872v1"">&#x27E8;hal-05194872&#x27E9;</a>","<i>H2PTM'21 : Information : enjeux et nouveaux défis</i>, Oct 2021, Aubervilliers, France. pp.201-215"
5196107,hal-05196107,1,COMM,"Pauline Zecchinon, Olivier Standaert. La guerre en Ukraine à travers le prisme de la désinformation visuelle et les limites du fact-checking spécialisé :  une étude de cas au Monde. <i>H2PTM'23 : La fabrique du sens à l’ère de l’information numérique : enjeux et défis</i>, Oct 2023, Valenciennes, France. pp.35-51. <a target=""_blank"" href=""https://hal.science/hal-05196107v1"">&#x27E8;hal-05196107&#x27E9;</a>","<i>H2PTM'23 : La fabrique du sens à l’ère de l’information numérique : enjeux et défis</i>, Oct 2023, Valenciennes, France. pp.35-51"
5194869,hal-05194869,1,COMM,"Renée Bourassa, Jean-Marc Larrue. Des arts trompeurs à la post-vérité. Puissances du faux et stratégies de tromperie. <i>H2PTM'21 : Information : enjeux et nouveaux défis</i>, Oct 2021, Aubervilliers, France. pp.81-93. <a target=""_blank"" href=""https://hal.science/hal-05194869v1"">&#x27E8;hal-05194869&#x27E9;</a>","<i>H2PTM'21 : Information : enjeux et nouveaux défis</i>, Oct 2021, Aubervilliers, France. pp.81-93"
5193393,hal-05193393,1,COMM,"Kaouther Azouz. Le web de données : un Mundaneum des savoirs numériques ?. <i>H2PTM'17 : Le numérique à l’ère des designs, de l’hypertexte à l’hyper-expérience</i>, Oct 2017, Valenciennes, France. pp.57-73. <a target=""_blank"" href=""https://hal.science/hal-05193393v1"">&#x27E8;hal-05193393&#x27E9;</a>","<i>H2PTM'17 : Le numérique à l’ère des designs, de l’hypertexte à l’hyper-expérience</i>, Oct 2017, Valenciennes, France. pp.57-73"
5188663,hal-01151257,1,COMM,"Caroline Angé, Oriane Deseilligny. Le blog de voyage : un dispositif idiorythmique ?. <i>H2PTM'09 : Rétrospective et perspective : 1989 - 2009</i>, Sep 2009, Paris, France. pp.337-349. <a target=""_blank"" href=""https://hal.univ-grenoble-alpes.fr/hal-01151257v1"">&#x27E8;hal-01151257&#x27E9;</a>","<i>H2PTM'09 : Rétrospective et perspective : 1989 - 2009</i>, Sep 2009, Paris, France. pp.337-349"
1011994,hal-01011994,1,OUV,"Imad Saleh, Nasreddine Bouhaï (Dir.). H2PTM'09 - Rétrospective et perspective : 1989 - 2009. Éditions Hermès, pp.448, 2009. <a target=""_blank"" href=""https://univ-paris8.hal.science/hal-01011994v1"">&#x27E8;hal-01011994&#x27E9;</a>","Éditions Hermès, pp.448, 2009"
5251733,hal-05251733,1,PROCEEDINGS,"Sylvie Leleu-Merviel, Yves Jeanneret, Imad Saleh, Nasreddine Bouhai. H2PTM’17 : Le numérique à l’ère des designs, de l’hypertexte à l’hyper-expérience. <i>H2PTM'17 : Le numérique à l’ère des designs, de l’hypertexte à l’hyper-expérience</i>, Oct 2017, Valenciennes, France. ISTE Éditions, pp.408, 2017, Systèmes d'information, web et société, 9781784053536. <a target=""_blank"" href=""https://hal.science/hal-05251733v1"">&#x27E8;hal-05251733&#x27E9;</a>","<i>H2PTM'17 : Le numérique à l’ère des designs, de l’hypertexte à l’hyper-expérience</i>, Oct 2017, Valenciennes, France. ISTE Éditions, pp.408, 2017, Systèmes d'information, web et société, 9781784053536"
5188675,hal-05188675,1,COMM,"Etienne Pereny, Etienne Armand Amato. L'avatar en ligne : une passerelle heuristique entre hypermédias et cybermédias. <i>H2PTM'09 : Rétrospective et perspective : 1989 - 2009</i>, Sep 2009, Paris, France. pp.269-280. <a target=""_blank"" href=""https://hal.science/hal-05188675v1"">&#x27E8;hal-05188675&#x27E9;</a>","<i>H2PTM'09 : Rétrospective et perspective : 1989 - 2009</i>, Sep 2009, Paris, France. pp.269-280"
5194853,hal-04408247,1,COMM,"Afaf Taibi, Anna Lezon-Rivière. Émotion et mouvements sociaux sur les réseaux socionumériques : cas du Hirak rifain. <i>H2PTM'21 : Information : enjeux et nouveaux défis</i>, Oct 2021, Aubervilliers, France. pp.127-140. <a target=""_blank"" href=""https://hal.science/hal-04408247v1"">&#x27E8;hal-04408247&#x27E9;</a>","<i>H2PTM'21 : Information : enjeux et nouveaux défis</i>, Oct 2021, Aubervilliers, France. pp.127-140"
5193347,hal-02116920,1,COMM,"Clément Serain. La matérialité du patrimoine à l'épreuve de sa valorisation numérique. <i>H2PTM'17 : Le numérique à l’ère des designs, de l’hypertexte à l’hyper-expérience</i>, Oct 2017, Valenciennes, France. pp.376-383. <a target=""_blank"" href=""https://univ-paris8.hal.science/hal-02116920v1"">&#x27E8;hal-02116920&#x27E9;</a>","<i>H2PTM'17 : Le numérique à l’ère des designs, de l’hypertexte à l’hyper-expérience</i>, Oct 2017, Valenciennes, France. pp.376-383"
5188697,hal-05188697,1,COMM,"Carole Lipsyc. L’analogie, clé de voûte de la sémantique et de la rhétorique du média-numérique. Etude de cas à partir du Topos numérique et du Récit Variable. <i>H2PTM'09 : Rétrospective et perspective : 1989 - 2009</i>, Sep 2009, Paris, France. pp.125-138. <a target=""_blank"" href=""https://hal.science/hal-05188697v1"">&#x27E8;hal-05188697&#x27E9;</a>","<i>H2PTM'09 : Rétrospective et perspective : 1989 - 2009</i>, Sep 2009, Paris, France. pp.125-138"
5194664,hal-05194664,1,COMM,"Philippe Bootz. La poésie numérique animée : entre écran et dispositif. <i>H2PTM'19 : De l’hypertexte aux humanités numériques</i>, Oct 2019, Montbéliard, France. pp.236-260. <a target=""_blank"" href=""https://hal.science/hal-05194664v1"">&#x27E8;hal-05194664&#x27E9;</a>","<i>H2PTM'19 : De l’hypertexte aux humanités numériques</i>, Oct 2019, Montbéliard, France. pp.236-260"
5193408,hal-02637828,1,COMM,"Audilio Gonzales Aguilar, Claire Noy. La visualisation réticulaire et interactive de la représentation des connaissances en droit : Le cas de la jurisprudence de la Cour de Cassation en France. <i>H2PTM'17 : Le numérique à l’ère des designs, de l’hypertexte à l’hyper-expérience</i>, Laboratoire Paragraphe; Dicen IDF; DeVisu; Crem; ELLIADD, Oct 2017, Valenciennes, France. pp.273-292. <a target=""_blank"" href=""https://hal.science/hal-02637828v1"">&#x27E8;hal-02637828&#x27E9;</a>","<i>H2PTM'17 : Le numérique à l’ère des designs, de l’hypertexte à l’hyper-expérience</i>, Laboratoire Paragraphe; Dicen IDF; DeVisu; Crem; ELLIADD, Oct 2017, Valenciennes, France. pp.273-292"
5188717,hal-05188717,1,COMM,"Benoit Hufschmitt. Génération automatique de liens dans un texte de philosophie ? Relation d'expérience. L'exemple du Discours de la Méthode de Descartes. <i>H2PTM'09 : Rétrospective et perspective : 1989 - 2009</i>, Sep 2009, Paris, France. pp.41-46. <a target=""_blank"" href=""https://hal.science/hal-05188717v1"">&#x27E8;hal-05188717&#x27E9;</a>","<i>H2PTM'09 : Rétrospective et perspective : 1989 - 2009</i>, Sep 2009, Paris, France. pp.41-46"
5193332,hal-01980409,1,COMM,"Camille Bernetière. Les designs dans les offices de tourisme. Étude d’un hypertexte pour une expérience hyper-médiatique. <i>H2PTM'17 : Le numérique à l’ère des designs, de l’hypertexte à l’hyper-expérience</i>, Oct 2017, Valenciennes, France. pp.384-396. <a target=""_blank"" href=""https://hal.science/hal-01980409v1"">&#x27E8;hal-01980409&#x27E9;</a>","<i>H2PTM'17 : Le numérique à l’ère des designs, de l’hypertexte à l’hyper-expérience</i>, Oct 2017, Valenciennes, France. pp.384-396"
4518570,hal-04518570,1,COMM,"Kouassi Sylvestre Kouakou. La circulation de l'information fausse à l'ère du numérique : Proposition d'un cadre holistique d'enseignement de l'évaluation critique de l'information. <i>H2PTM'23 : La fabrique du sens à l’ère de l’information numérique : enjeux et défis</i>, Laboratoire Paragraphe; Université Polytechnique Hauts-de-France, Oct 2023, Valenciennes, France. pp.66-82. <a target=""_blank"" href=""https://hal.science/hal-04518570v1"">&#x27E8;hal-04518570&#x27E9;</a>","<i>H2PTM'23 : La fabrique du sens à l’ère de l’information numérique : enjeux et défis</i>, Laboratoire Paragraphe; Université Polytechnique Hauts-de-France, Oct 2023, Valenciennes, France. pp.66-82"
4613930,hal-04249766,1,COMM,"Kouamvi Couao-Zotti. Analyse du réseau d’hyperliens d’une destination touristique protégée – Cas du Parc National Port-Cros. <i>H2PTM'23 : La fabrique du sens à l’ère de l’information numérique : enjeux et défis</i>, Oct 2023, Valenciennes, France. pp.345-348. <a target=""_blank"" href=""https://hal.science/hal-04249766v1"">&#x27E8;hal-04249766&#x27E9;</a>","<i>H2PTM'23 : La fabrique du sens à l’ère de l’information numérique : enjeux et défis</i>, Oct 2023, Valenciennes, France. pp.345-348"
5188693,hal-05188693,1,COMM,"Émilie Flon, Jean Davallon, Cécile Tardy, Yves Jeanneret. Traces d'écriture, traces de pratiques, traces d'identités. <i>H2PTM'09 : Rétrospective et perspective : 1989 - 2009</i>, Sep 2009, Paris, France. pp.181-191. <a target=""_blank"" href=""https://hal.science/hal-05188693v1"">&#x27E8;hal-05188693&#x27E9;</a>","<i>H2PTM'09 : Rétrospective et perspective : 1989 - 2009</i>, Sep 2009, Paris, France. pp.181-191"
5188695,hal-05188695,1,COMM,"Amel Behaz, Mahieddine Djoudi. Modèles de représentation sémantique des ressources et profils apprenants pour la construction d'hypermédias adaptatifs. <i>H2PTM'09 : Rétrospective et perspective : 1989 - 2009</i>, Université Paris 8, Sep 2009, Paris, France. pp.165-177. <a target=""_blank"" href=""https://hal.science/hal-05188695v1"">&#x27E8;hal-05188695&#x27E9;</a>","<i>H2PTM'09 : Rétrospective et perspective : 1989 - 2009</i>, Université Paris 8, Sep 2009, Paris, France. pp.165-177"
5217040,hal-02435931,1,COMM,"Danielle Mbambe Bebey. Le design des scénarios pédagogiques : apport des théories de l’engagement en sciences de gestion et en SIC. <i>H2PTM'17 : Le numérique à l’ère des designs, de l’hypertexte à l’hyper-expérience</i>, Oct 2017, Valenciennes, France. pp.325-328. <a target=""_blank"" href=""https://hal.science/hal-02435931v1"">&#x27E8;hal-02435931&#x27E9;</a>","<i>H2PTM'17 : Le numérique à l’ère des designs, de l’hypertexte à l’hyper-expérience</i>, Oct 2017, Valenciennes, France. pp.325-328"
5217028,hal-02343707,1,COMM,"Aymeric Bouchereau, Ioan Roxin. De l'objet connecté à l'environnement intelligent : des enjeux pour la médiation ?. <i>H2PTM'19 : De l’hypertexte aux humanités numériques</i>, Oct 2019, Montbéliard, France. pp.368-386. <a target=""_blank"" href=""https://hal.science/hal-02343707v1"">&#x27E8;hal-02343707&#x27E9;</a>","<i>H2PTM'19 : De l’hypertexte aux humanités numériques</i>, Oct 2019, Montbéliard, France. pp.368-386"
5190076,hal-05190076,1,COMM,"Luc Massou, Pierre Morelli, Brigitte Simonnot, Fredj Zamit. Analyse communicationnelle de sites d'entreprises tunisiennes. Stratégies et confiance en contexte interculturel. <i>H2PTM'11 : Hypermédias et pratiques numériques</i>, Oct 2011, Metz, France. pp.229-241. <a target=""_blank"" href=""https://hal.science/hal-05190076v1"">&#x27E8;hal-05190076&#x27E9;</a>","<i>H2PTM'11 : Hypermédias et pratiques numériques</i>, Oct 2011, Metz, France. pp.229-241"
4289306,hal-04289306,1,COMM,"Mylène Taisne, Fanny Bougenies, Sylvie Leleu-Merviel. Changer la vie avec Ben le koala : du design for all au design du care. Le cas des enfants avec TSA. <i>H2PTM'23 : La fabrique du sens à l’ère de l’information numérique : enjeux et défis</i>, H2PTM'23, Oct 2023, Valenciennes, France. pp.304-320. <a target=""_blank"" href=""https://hal.science/hal-04289306v1"">&#x27E8;hal-04289306&#x27E9;</a>","<i>H2PTM'23 : La fabrique du sens à l’ère de l’information numérique : enjeux et défis</i>, H2PTM'23, Oct 2023, Valenciennes, France. pp.304-320"
5188713,hal-05188713,1,COMM,"Alexandra Ciaccia, Céline Clavel. Le traitement de l'information dans des activités de recherche d'information sur le Web Analyse cognitive de l'influence de variables liées à l'utilisateur et au type de problème de recherche. <i>H2PTM'09 : Rétrospective et perspective : 1989 - 2009</i>, Sep 2009, Paris, France. pp.75-86. <a target=""_blank"" href=""https://hal.science/hal-05188713v1"">&#x27E8;hal-05188713&#x27E9;</a>","<i>H2PTM'09 : Rétrospective et perspective : 1989 - 2009</i>, Sep 2009, Paris, France. pp.75-86"
5194877,hal-05194877,1,COMM,"Assiba Gnimassoun Adogbogbo. Cohabitation d'une GED et d'un Jumeau Numérique : difficulté de la gouvernance de l'information dans un contexte d'imaginaire industriel 4.0. <i>H2PTM'21 : Information : enjeux et nouveaux défis</i>, Oct 2021, Aubervilliers, France. pp.23-38. <a target=""_blank"" href=""https://hal.science/hal-05194877v1"">&#x27E8;hal-05194877&#x27E9;</a>","<i>H2PTM'21 : Information : enjeux et nouveaux défis</i>, Oct 2021, Aubervilliers, France. pp.23-38"
424826,sic_00424826,1,COMM,"Evelyne Broudoux, Ghislaine Chartron. La communication scientifique face au Web2.0 : Premiers constats et analyse. <i>H2PTM'09 : Rétrospective et perspective : 1989 - 2009</i>, Sep 2009, Paris, France. pp.323-336. <a target=""_blank"" href=""https://archivesic.ccsd.cnrs.fr/sic_00424826v1"">&#x27E8;sic_00424826&#x27E9;</a>","<i>H2PTM'09 : Rétrospective et perspective : 1989 - 2009</i>, Sep 2009, Paris, France. pp.323-336"
3083917,hal-03083917,1,COMM,"Marie-Noëlle Doutreix. Production de data et gouvernance de la qualité dans Wikipédia. <i>H2PTM’19 De l’hypertexte aux humanités numériques</i>, Laboratoire Paragraphe (Université Paris 8 Vincennes-Saint-Denis, Université de Cergy-Pontoise, France); Édition, Littératures, Langages, Informatique, Arts, Didactiques, Discours (Elliadd, Université de Franche-Comté, France); Design virtuel et urbain (Université polytechnique Hauts-de-France, France); Dispositifs d’information et de communication à l’ère numérique – Paris, Île-de-France (Conservatoire national des arts et métiers, Université Paris-Est Marne-la-Vallée, Université Paris-Nanterre, France); Centre de recherche sur les médiations (Crem, Université de Lorraine), Oct 2019, Montbéliard, France. pp.102-110. <a target=""_blank"" href=""https://hal.science/hal-03083917v1"">&#x27E8;hal-03083917&#x27E9;</a>","<i>H2PTM’19 De l’hypertexte aux humanités numériques</i>, Laboratoire Paragraphe (Université Paris 8 Vincennes-Saint-Denis, Université de Cergy-Pontoise, France); Édition, Littératures, Langages, Informatique, Arts, Didactiques, Discours (Elliadd, Université de Franche-Comté, France); Design virtuel et urbain (Université polytechnique Hauts-de-France, France); Dispositifs d’information et de communication à l’ère numérique – Paris, Île-de-France (Conservatoire national des arts et métiers, Université Paris-Est Marne-la-Vallée, Université Paris-Nanterre, France); Centre de recherche sur les médiations (Crem, Université de Lorraine), Oct 2019, Montbéliard, France. pp.102-110"
1180033,hal-01180033,1,COMM,"Nam-Jun Pyun, Sylvette Denefle, Nicole Vincent. Quadrangles extraction and graph-matching: detection of mullioned windows : Image retrieval of a specific pattern. <i>H2PTM'11 : Hypermédias et pratiques numériques</i>, Oct 2011, Metz, France. pp.367-369. <a target=""_blank"" href=""https://hal.science/hal-01180033v1"">&#x27E8;hal-01180033&#x27E9;</a>","<i>H2PTM'11 : Hypermédias et pratiques numériques</i>, Oct 2011, Metz, France. pp.367-369"
5191356,hal-01297457,1,COMM,"Marie-Julie Catoir-Brisson. Quantified-self et m-santé : quand le corps de Chris Dancy devient un objet connecté spectaculaire. <i>H2PTM'15 : Le numérique à l'ère de l'Internet des objets, de l’hypertexte à l’hyper-objet</i>, Oct 2015, Paris, France. pp.88-99. <a target=""_blank"" href=""https://hal.science/hal-01297457v1"">&#x27E8;hal-01297457&#x27E9;</a>","<i>H2PTM'15 : Le numérique à l'ère de l'Internet des objets, de l’hypertexte à l’hyper-objet</i>, Oct 2015, Paris, France. pp.88-99"
5217031,hal-01196724,1,COMM,"Simon Gadras. TIC et communication politique locale. Pratiques de communication et interactions entre acteurs au sein de l’espace public local. <i>H2PTM'11 : Hypermédias et pratiques numériques</i>, Oct 2011, Metz, France. pp.195-206. <a target=""_blank"" href=""https://hal.univ-grenoble-alpes.fr/hal-01196724v1"">&#x27E8;hal-01196724&#x27E9;</a>","<i>H2PTM'11 : Hypermédias et pratiques numériques</i>, Oct 2011, Metz, France. pp.195-206"
1620048,hal-01620048,1,COMM,"Camille Alloing, Mariannig Le Béchec. Le design du public invisible dans le financement participatif. Le cas du territoire numérique de marques de Noob Le film !. <i>H2PTM'17 : Le numérique à l’ère des designs, de l’hypertexte à l’hyper-expérience</i>, Oct 2017, Valenciennes, France. pp.222-238. <a target=""_blank"" href=""https://hal.science/hal-01620048v1"">&#x27E8;hal-01620048&#x27E9;</a>","<i>H2PTM'17 : Le numérique à l’ère des designs, de l’hypertexte à l’hyper-expérience</i>, Oct 2017, Valenciennes, France. pp.222-238"
5191378,hal-05191378,1,COMM,"Olivier Le Deuff. Les humanités digitales précèdent-elle le numérique ? Jalons pour une histoire longue des humanités digitales. <i>H2PTM'15 : Le numérique à l'ère de l'Internet des objets, de l’hypertexte à l’hyper-objet</i>, Oct 2015, Paris, France. pp.421-432. <a target=""_blank"" href=""https://hal.science/hal-05191378v1"">&#x27E8;hal-05191378&#x27E9;</a>","<i>H2PTM'15 : Le numérique à l'ère de l'Internet des objets, de l’hypertexte à l’hyper-objet</i>, Oct 2015, Paris, France. pp.421-432"
3496333,hal-03496333,1,COMM,"Djibril Diakhaté, Kouassi Sylvestre Kouakou. Détection des fake news : Pour une alternative humaine aux approches technologiques. <i>H2PTM'21 : Information : Enjeux et nouveaux défis</i>, Laboratoire Paragraphe, Université Paris 8, Oct 2021, Paris, France. pp.94-111. <a target=""_blank"" href=""https://hal.science/hal-03496333v1"">&#x27E8;hal-03496333&#x27E9;</a>","<i>H2PTM'21 : Information : Enjeux et nouveaux défis</i>, Laboratoire Paragraphe, Université Paris 8, Oct 2021, Paris, France. pp.94-111"
1272666,sic_01272666,1,COMM,"Eloria Vigouroux-Zugasti, Olivier Le Deuff. Le senior connecté. <i>H2PTM'15 : Le numérique à l'ère de l'Internet des objets, de l’hypertexte à l’hyper-objet</i>, Oct 2015, Paris, France. pp.174-184. <a target=""_blank"" href=""https://archivesic.ccsd.cnrs.fr/sic_01272666v1"">&#x27E8;sic_01272666&#x27E9;</a>","<i>H2PTM'15 : Le numérique à l'ère de l'Internet des objets, de l’hypertexte à l’hyper-objet</i>, Oct 2015, Paris, France. pp.174-184"
409488,hal-00409488,1,COMM,"Sophie Pène, Cathy Dubois. Sémiologie de l'hypertravail : Communication d'exploration et réseaux sociaux. <i>H2PTM'09 : Rétrospective et perspective : 1989 - 2009</i>, Sep 2009, Paris, France. pp.359-370. <a target=""_blank"" href=""https://hal.science/hal-00409488v1"">&#x27E8;hal-00409488&#x27E9;</a>","<i>H2PTM'09 : Rétrospective et perspective : 1989 - 2009</i>, Sep 2009, Paris, France. pp.359-370"
5191513,hal-05191513,1,COMM,"Pierre Cubaud, Shuo-Hsiu Hsu, Guillaume Pascal, Clément Pillias. Un rouleau de lecture numérique : motivations, attentes et difficultés. <i>H2PTM'15 : Le numérique à l'ère de l'Internet des objets, de l’hypertexte à l’hyper-objet</i>, Oct 2015, Paris, France. pp.113-117. <a target=""_blank"" href=""https://hal.science/hal-05191513v1"">&#x27E8;hal-05191513&#x27E9;</a>","<i>H2PTM'15 : Le numérique à l'ère de l'Internet des objets, de l’hypertexte à l’hyper-objet</i>, Oct 2015, Paris, France. pp.113-117"
982017,hal-00982017,1,COMM,"Mohamed Hafidi, T. Bensebaa, Philippe Trigano, Amir Benmimoun. Guidage des apprenants dans une activité pédagogique basé sur les traces. <i>H2PTM'11 : Hypermédias et pratiques numériques</i>, Oct 2011, Metz, France. pp.315-320. <a target=""_blank"" href=""https://hal.science/hal-00982017v1"">&#x27E8;hal-00982017&#x27E9;</a>","<i>H2PTM'11 : Hypermédias et pratiques numériques</i>, Oct 2011, Metz, France. pp.315-320"
5194691,hal-05194691,1,COMM,"Karl Pineau, Bruno Bachimont, Serge Bouchardon. Définition d'un cycle de vie des biens culturels. Un enjeu pour l'industrie de l'ingénierie des connaissances. <i>H2PTM'19 : De l’hypertexte aux humanités numériques</i>, Oct 2019, Montbéliard, France. pp.323-346. <a target=""_blank"" href=""https://hal.science/hal-05194691v1"">&#x27E8;hal-05194691&#x27E9;</a>","<i>H2PTM'19 : De l’hypertexte aux humanités numériques</i>, Oct 2019, Montbéliard, France. pp.323-346"
5190012,hal-05190012,1,COMM,"Stéphane Crozat, Isabelle Cailleau, Serge Bouchardon, Bruno Bachimont. Une carte heuristique des fonctions d'écriture numérique. <i>H2PTM'11 : Hypermédias et pratiques numériques</i>, Oct 2011, Metz, France. pp.287-299. <a target=""_blank"" href=""https://hal.science/hal-05190012v1"">&#x27E8;hal-05190012&#x27E9;</a>","<i>H2PTM'11 : Hypermédias et pratiques numériques</i>, Oct 2011, Metz, France. pp.287-299"
5196016,hal-05196016,1,COMM,"Arnaud Mercier, Marie-Eva Lesaunier, Flore Di Sciullo. Le podcast natif d'information : opportunités et nouveaux défis pour les journalistes. <i>H2PTM'23 : La fabrique du sens à l’ère de l’information numérique : enjeux et défis</i>, Oct 2023, Valenciennes, France. pp.273-292. <a target=""_blank"" href=""https://hal.science/hal-05196016v1"">&#x27E8;hal-05196016&#x27E9;</a>","<i>H2PTM'23 : La fabrique du sens à l’ère de l’information numérique : enjeux et défis</i>, Oct 2023, Valenciennes, France. pp.273-292"
5196045,hal-05196045,1,COMM,"Carine Roucan. Fyctia et Hugo Publishing : un nouveau modèle éditorial, plateformisé. <i>H2PTM'23 : La fabrique du sens à l’ère de l’information numérique : enjeux et défis</i>, Oct 2023, Valenciennes, France. pp.164-180. <a target=""_blank"" href=""https://hal.science/hal-05196045v1"">&#x27E8;hal-05196045&#x27E9;</a>","<i>H2PTM'23 : La fabrique du sens à l’ère de l’information numérique : enjeux et défis</i>, Oct 2023, Valenciennes, France. pp.164-180"
5191476,hal-05191476,1,COMM,"Christophe Guion, Evelyne Lombardo. Analyse de l’évolution de la cartographie par la géolocalisation à l’heure de l’Internet des objets.. <i>H2PTM'15 : Le numérique à l'ère de l'Internet des objets, de l’hypertexte à l’hyper-objet</i>, Oct 2015, Paris, France. pp.215-230. <a target=""_blank"" href=""https://hal.science/hal-05191476v1"">&#x27E8;hal-05191476&#x27E9;</a>","<i>H2PTM'15 : Le numérique à l'ère de l'Internet des objets, de l’hypertexte à l’hyper-objet</i>, Oct 2015, Paris, France. pp.215-230"
1704134,hal-01704134,1,COMM,"Gustavo Gomez-Mejia, Etienne Candel. Littératures de salon. Des « régimes sociaux » du littéraire dans les « réseaux en ligne ». <i>H2PTM'09 : Rétrospective et perspective : 1989 - 2009</i>, Sep 2009, Paris, France. pp.205-218. <a target=""_blank"" href=""https://hal.science/hal-01704134v1"">&#x27E8;hal-01704134&#x27E9;</a>","<i>H2PTM'09 : Rétrospective et perspective : 1989 - 2009</i>, Sep 2009, Paris, France. pp.205-218"
5190249,hal-05190249,1,COMM,"Marc Augier. Implémentation d'un système hypertexte sous la forme d'un automate fini. Utilisation d'un automate fini mettant en oeuvre un réseau de Petri pour construire un système hypertextuel. <i>H2PTM'11 : Hypermédias et pratiques numériques</i>, Oct 2011, Metz, France. pp.51-64. <a target=""_blank"" href=""https://hal.science/hal-05190249v1"">&#x27E8;hal-05190249&#x27E9;</a>","<i>H2PTM'11 : Hypermédias et pratiques numériques</i>, Oct 2011, Metz, France. pp.51-64"
5193322,hal-05193322,1,COMM,"Xaviera Calixte, Pierre Leclercq. Nouvelles pratiques communicationnelles en co-conception synchrone. Discussion sur 4 situations d'usage d'espaces de réalité augmentée. <i>H2PTM'17 : Le numérique à l’ère des designs, de l’hypertexte à l’hyper-expérience</i>, Oct 2017, Valenciennes, France. pp.209-221. <a target=""_blank"" href=""https://hal.science/hal-05193322v1"">&#x27E8;hal-05193322&#x27E9;</a>","<i>H2PTM'17 : Le numérique à l’ère des designs, de l’hypertexte à l’hyper-expérience</i>, Oct 2017, Valenciennes, France. pp.209-221"
5193425,hal-02637799,1,COMM,"Jacques Ghoul Samson, Olivier Nannipieri, Philippe Elie Honore Bonfils. Interactions et présences dans les communautés de joueurs en ligne. <i>H2PTM'17 : Le numérique à l’ère des designs, de l’hypertexte à l’hyper-expérience</i>, Laboratoire Paragraphe; ELLIADD; DeVisu; Dicen IDF; Crem, Oct 2017, Valenciennes, France. pp.20-34. <a target=""_blank"" href=""https://hal.science/hal-02637799v1"">&#x27E8;hal-02637799&#x27E9;</a>","<i>H2PTM'17 : Le numérique à l’ère des designs, de l’hypertexte à l’hyper-expérience</i>, Laboratoire Paragraphe; ELLIADD; DeVisu; Dicen IDF; Crem, Oct 2017, Valenciennes, France. pp.20-34"
5190047,hal-00916101,1,COMM,"Eleni Mitropoulou. Pratiques numériques de la communication interpersonnelle. Nouveau langage ? Nouvelle écriture ?. <i>H2PTM'11 : Hypermédias et pratiques numériques</i>, Oct 2011, Metz, France. pp.273-285. <a target=""_blank"" href=""https://unilim.hal.science/hal-00916101v1"">&#x27E8;hal-00916101&#x27E9;</a>","<i>H2PTM'11 : Hypermédias et pratiques numériques</i>, Oct 2011, Metz, France. pp.273-285"
5194882,hal-03404800,1,COMM,"Aymeric Bouchereau, Antonin Segault. Évolution des représentations de l’intelligence artificielle : de quelle(s) IA Wikipédia est-elle l’encyclopédie ?. <i>H2PTM'21 : Information : enjeux et nouveaux défis</i>, Oct 2021, Aubervilliers, France. pp.216-232. <a target=""_blank"" href=""https://hal.science/hal-03404800v1"">&#x27E8;hal-03404800&#x27E9;</a>","<i>H2PTM'21 : Information : enjeux et nouveaux défis</i>, Oct 2021, Aubervilliers, France. pp.216-232"
5190256,hal-05190256,1,COMM,"Aurélie Brouwers. La représentation mentale de l'espace hypertextuel. <i>H2PTM'11 : Hypermédias et pratiques numériques</i>, Oct 2011, Metz, France. pp.41-47. <a target=""_blank"" href=""https://hal.science/hal-05190256v1"">&#x27E8;hal-05190256&#x27E9;</a>","<i>H2PTM'11 : Hypermédias et pratiques numériques</i>, Oct 2011, Metz, France. pp.41-47"
1734972,hal-01734972,1,COMM,"Karel Soumagnac, Camille Capelle. Design de la documentarisation patrimoniale : expérimentation d’une plateforme collaborative d’indexation d’images stéréoscopiques. <i>H2PTM'17 : Le numérique à l’ère des designs, de l’hypertexte à l’hyper-expérience</i>, Oct 2017, Valenciennes, France. pp.239-248. <a target=""_blank"" href=""https://hal.science/hal-01734972v1"">&#x27E8;hal-01734972&#x27E9;</a>","<i>H2PTM'17 : Le numérique à l’ère des designs, de l’hypertexte à l’hyper-expérience</i>, Oct 2017, Valenciennes, France. pp.239-248"
5196110,hal-04396912,1,COMM,"Olivier Nannipieri, Jacques Ghoul Samson. La réalité du virtuel - Apports et limites de l'approche phénoménologique. <i>H2PTM'23 : La fabrique du sens à l’ère de l’information numérique : enjeux et défis</i>, DeVisu-LARSH; Paragraphe, Oct 2023, Valenciennes, France. pp.19-32. <a target=""_blank"" href=""https://hal.science/hal-04396912v1"">&#x27E8;hal-04396912&#x27E9;</a>","<i>H2PTM'23 : La fabrique du sens à l’ère de l’information numérique : enjeux et défis</i>, DeVisu-LARSH; Paragraphe, Oct 2023, Valenciennes, France. pp.19-32"
5194683,hal-05194683,1,COMM,"Gabriel Boudard. Hypermédiatisation des connaissances en entreprise : émergence de systèmes d'organisation des connaissances dynamiques. <i>H2PTM'19 : De l’hypertexte aux humanités numériques</i>, Oct 2019, Montbéliard, France. pp.77-86. <a target=""_blank"" href=""https://hal.science/hal-05194683v1"">&#x27E8;hal-05194683&#x27E9;</a>","<i>H2PTM'19 : De l’hypertexte aux humanités numériques</i>, Oct 2019, Montbéliard, France. pp.77-86"
5194905,hal-03451441,1,COMM,"Céline Ségur, Angeliki Monnier. L'apport des SIC à l'enseignement de la vérification de l'information - Les mécanismes de circulation interpersonnelle de l'information numérique. <i>H2PTM'21 : Information : enjeux et nouveaux défis</i>, Laboratoire Paragraphe Université de Paris 8, Oct 2021, Aubervilliers, France. pp.57-69. <a target=""_blank"" href=""https://hal.univ-lorraine.fr/hal-03451441v1"">&#x27E8;hal-03451441&#x27E9;</a>","<i>H2PTM'21 : Information : enjeux et nouveaux défis</i>, Laboratoire Paragraphe Université de Paris 8, Oct 2021, Aubervilliers, France. pp.57-69"
5188667,hal-00651685,1,COMM,"Sébastien Genvo, Serge Bouchardon. Conception et développement d'un outil collaboratif pour l'évaluation du gameplay. <i>H2PTM'09 : Rétrospective et perspective : 1989 - 2009</i>, Sep 2009, Paris, France. pp.291-296. <a target=""_blank"" href=""https://unilim.hal.science/hal-00651685v1"">&#x27E8;hal-00651685&#x27E9;</a>","<i>H2PTM'09 : Rétrospective et perspective : 1989 - 2009</i>, Sep 2009, Paris, France. pp.291-296"
5189123,hal-02332066,1,COMM,"Antonin Segault. Historic Graphs : Cartographie dynamique des liens sur Wikipédia. <i>H2PTM’19 : De l’hypertexte aux humanités numériques</i>, Oct 2019, Montbéliard, France. pp.147-161. <a target=""_blank"" href=""https://hal.science/hal-02332066v1"">&#x27E8;hal-02332066&#x27E9;</a>","<i>H2PTM’19 : De l’hypertexte aux humanités numériques</i>, Oct 2019, Montbéliard, France. pp.147-161"
3085477,halshs-03085477,1,PROCEEDINGS,"Imad Saleh, Luc Massou, Sylvie Leleu-Merviel, Yves Jeanneret, Nasreddine Bouhai, et al.. Hypermédias et pratiques numériques : actes de H2PTM'11, 12-13 et 14 octobre 2011, Université Paul Verlaine, Metz. <i>H2PTM'11 : Hypermédias et pratiques numériques</i>, Oct 2011, Metz, France. Hermes Science Publications, pp.380, 2011, 9782746238046. <a target=""_blank"" href=""https://shs.hal.science/halshs-03085477v1"">&#x27E8;halshs-03085477&#x27E9;</a>","<i>H2PTM'11 : Hypermédias et pratiques numériques</i>, Oct 2011, Metz, France. Hermes Science Publications, pp.380, 2011, 9782746238046"
5194903,hal-05194903,1,COMM,"Gabrielle Godin. Modéliser les concepts de la désinformation. Une méthode pour cartographier les relations dans un système d'information. <i>H2PTM'21 : Information : enjeux et nouveaux défis</i>, Oct 2021, Aubervilliers, France. pp.256-260. <a target=""_blank"" href=""https://hal.science/hal-05194903v1"">&#x27E8;hal-05194903&#x27E9;</a>","<i>H2PTM'21 : Information : enjeux et nouveaux défis</i>, Oct 2021, Aubervilliers, France. pp.256-260"
5189948,hal-05189948,1,COMM,"Olivier Mauco, Alban Grégoire, Luc Ploquin. Lorsque les sciences sociales alimentent le game design. Étude d'un serious game sur le processus de libéralisation du marché européen de l'électricité. <i>H2PTM'11 : Hypermédias et pratiques numériques</i>, Oct 2011, Metz, France. pp.363-365. <a target=""_blank"" href=""https://hal.science/hal-05189948v1"">&#x27E8;hal-05189948&#x27E9;</a>","<i>H2PTM'11 : Hypermédias et pratiques numériques</i>, Oct 2011, Metz, France. pp.363-365"
5191367,halshs-02088170,1,COMM,"Caroline Angé. Pour une approche critique du paradigme communicationnel de l’hypertexte. <i>H2PTM'15 : Le numérique à l'ère de l'Internet des objets, de l’hypertexte à l’hyper-objet</i>, Oct 2015, Paris, France. pp.50-56. <a target=""_blank"" href=""https://shs.hal.science/halshs-02088170v1"">&#x27E8;halshs-02088170&#x27E9;</a>","<i>H2PTM'15 : Le numérique à l'ère de l'Internet des objets, de l’hypertexte à l’hyper-objet</i>, Oct 2015, Paris, France. pp.50-56"
4310857,hal-04310857,1,COMM,"Caroline Ange, Pascal Bertolino. La fabrique du sens : Récit d'une expérience de conception inversée à l'ère du numérique. <i>H2PTM'23 : La fabrique du sens à l’ère de l’information numérique : enjeux et défis</i>, Oct 2023, Valenciennes, France. pp.293-303. <a target=""_blank"" href=""https://hal.science/hal-04310857v1"">&#x27E8;hal-04310857&#x27E9;</a>","<i>H2PTM'23 : La fabrique du sens à l’ère de l’information numérique : enjeux et défis</i>, Oct 2023, Valenciennes, France. pp.293-303"
5188686,hal-05188686,1,COMM,"Jean Clément, Jean-Hugues Rety, Serge Bouchardon, Nicolas Szilas, Caroline Angé. Le récit non déterministe : un nouvel avatar de l'hypertexte ?. <i>H2PTM'09 : Rétrospective et perspective : 1989 - 2009</i>, Sep 2009, Paris, France. pp.219-224. <a target=""_blank"" href=""https://hal.science/hal-05188686v1"">&#x27E8;hal-05188686&#x27E9;</a>","<i>H2PTM'09 : Rétrospective et perspective : 1989 - 2009</i>, Sep 2009, Paris, France. pp.219-224"
5190058,hal-01151337,1,COMM,"Lise Renaud. Les interfaces graphiques de Smartphones : éléments de réflexion sémiotique. <i>H2PTM'11 : Hypermédias et pratiques numériques</i>, Oct 2011, Metz, France. pp.257-269. <a target=""_blank"" href=""https://hal.univ-grenoble-alpes.fr/hal-01151337v1"">&#x27E8;hal-01151337&#x27E9;</a>","<i>H2PTM'11 : Hypermédias et pratiques numériques</i>, Oct 2011, Metz, France. pp.257-269"
